Order_ID,Customer_ID,Product_ID,Quantity,Order_Date,Order_Time,Delivery_Date,Delivery_Time,Location,Occasion
1,C037,67,5,24-Feb-23,23:48:13,05-Mar-23,07:27:10,Bardhaman,Anniversary
3,C029,67,5,14-Jul-23,19:12:03,19-Jul-23,17:39:00,Bilaspur,Anniversary
4,C012,14,5,10-Jul-23,04:44:29,19-Jul-23,06:33:23,Guwahati,Birthday
15,C069,21,5,26-Aug-23,02:52:39,30-Aug-23,13:26:45,Pune,Raksha Bandhan
29,C064,10,5,22-Sep-23,01:06:22,01-Oct-23,14:29:16,Kollam,Birthday
31,C029,7,5,28-Feb-23,13:13:22,03-Mar-23,23:35:49,Nandyal,Holi
32,C065,7,5,04-Mar-23,15:36:41,05-Mar-23,15:54:10,Pudukkottai,Holi
35,C055,7,5,02-Mar-23,16:10:26,05-Mar-23,15:00:40,Asansol,Holi
37,C096,19,5,10-Feb-23,11:01:04,15-Feb-23,21:19:36,Katni,Valentine's Day
45,C097,61,5,28-Apr-23,14:26:26,29-Apr-23,06:16:36,Haldia,Anniversary
47,C013,7,5,26-Feb-23,13:04:28,28-Feb-23,06:00:20,Jaipur,Holi
53,C045,9,5,20-Aug-23,08:25:45,27-Aug-23,05:59:31,Kozhikode,Raksha Bandhan
56,C095,58,5,08-Feb-23,12:11:48,13-Feb-23,18:51:59,Danapur,Valentine's Day
57,C090,35,5,26-Feb-23,08:00:15,06-Mar-23,12:27:32,Ahmedabad,Holi
59,C041,51,5,26-Jun-23,03:56:15,28-Jun-23,20:10:04,Thiruvananthapuram,All Occasions
66,C017,35,5,26-Feb-23,21:00:44,27-Feb-23,06:25:58,Munger,Holi
71,C013,9,5,20-Aug-23,16:32:06,28-Aug-23,13:31:32,Karnal,Raksha Bandhan
81,C053,1,5,22-Feb-23,18:29:21,03-Mar-23,07:09:32,Kalyan-Dombivli,All Occasions
87,C055,2,5,04-Feb-23,13:17:21,11-Feb-23,23:06:36,Malda,Valentine's Day
89,C060,3,5,12-Feb-23,22:56:52,13-Feb-23,14:41:41,Aurangabad,Valentine's Day
92,C100,18,5,15-May-23,00:11:18,25-May-23,11:17:55,Rohtak,Birthday
94,C099,69,5,02-Mar-23,14:51:08,11-Mar-23,08:14:49,Purnia,Holi
100,C055,42,5,09-May-23,05:50:07,17-May-23,05:30:26,Bhiwani,All Occasions
109,C074,50,5,27-Feb-23,15:35:48,01-Mar-23,08:38:56,Gandhidham,Holi
122,C083,24,5,03-Oct-23,09:04:23,13-Oct-23,03:15:14,Gulbarga,Birthday
126,C040,19,5,04-Feb-23,02:28:24,13-Feb-23,13:16:38,Dharmavaram,Valentine's Day
130,C070,10,5,22-Apr-23,13:32:41,27-Apr-23,22:01:54,Darbhanga,Birthday
131,C078,3,5,04-Feb-23,20:30:50,11-Feb-23,08:29:03,Satara,Valentine's Day
133,C018,43,5,10-Nov-23,15:51:54,16-Nov-23,11:22:51,Tiruppur,Diwali
134,C036,69,5,05-Mar-23,19:12:46,14-Mar-23,04:58:29,Malda,Holi
144,C090,51,5,18-Jan-23,09:01:03,23-Jan-23,03:23:15,Srinagar,All Occasions
145,C055,59,5,29-Aug-23,16:52:56,03-Sep-23,13:04:25,Kumbakonam,Raksha Bandhan
146,C030,52,5,13-Feb-23,18:23:55,16-Feb-23,04:07:37,Vijayawada,Valentine's Day
150,C092,27,5,26-Aug-23,07:18:17,29-Aug-23,16:56:13,Bidar,Raksha Bandhan
154,C049,45,5,21-Nov-23,23:14:18,25-Nov-23,02:04:59,Indore,Birthday
164,C063,14,5,25-Apr-23,02:04:02,27-Apr-23,11:49:33,Berhampore,Birthday
165,C058,40,5,06-Aug-23,13:11:16,10-Aug-23,08:37:14,Lucknow,Anniversary
187,C008,49,5,11-Feb-23,21:10:41,16-Feb-23,09:34:09,Anantapur,Valentine's Day
188,C067,22,5,18-Sep-23,01:38:33,25-Sep-23,14:02:12,Serampore,All Occasions
190,C096,60,5,09-Nov-23,12:33:49,13-Nov-23,13:41:24,Darbhanga,Diwali
192,C060,64,5,20-Aug-23,12:28:32,21-Aug-23,02:11:18,Vijayanagaram,Raksha Bandhan
195,C037,67,5,10-Apr-23,05:33:53,17-Apr-23,07:51:40,Jamalpur,Anniversary
199,C093,70,5,16-Aug-23,01:54:30,19-Aug-23,16:24:59,Bareilly,Birthday
200,C067,23,5,03-Jan-23,20:04:16,08-Jan-23,23:18:52,Agartala,Anniversary
202,C089,36,5,27-Jul-23,08:13:48,01-Aug-23,03:02:01,Bhimavaram,Birthday
203,C039,9,5,29-Aug-23,05:39:00,08-Sep-23,22:40:14,Vijayanagaram,Raksha Bandhan
205,C022,46,5,06-Jul-23,05:17:21,09-Jul-23,11:47:12,Davanagere,Anniversary
208,C001,18,5,02-Apr-23,04:30:47,12-Apr-23,07:06:36,Kulti,Birthday
211,C043,31,5,22-Oct-23,18:14:59,29-Oct-23,17:40:03,Orai,All Occasions
213,C022,42,5,14-Feb-23,08:26:18,24-Feb-23,08:58:11,Dehradun,All Occasions
219,C027,16,5,05-Mar-23,00:36:07,11-Mar-23,10:36:05,Bhimavaram,Holi
222,C099,6,5,26-Feb-23,05:57:25,07-Mar-23,18:20:50,Guntur,Holi
225,C093,52,5,05-Feb-23,12:12:26,06-Feb-23,18:01:06,Arrah,Valentine's Day
236,C044,23,5,03-Sep-23,06:33:52,11-Sep-23,02:10:18,Panvel,Anniversary
240,C074,5,5,25-Mar-23,06:03:38,30-Mar-23,15:43:28,Darbhanga,All Occasions
246,C017,69,5,28-Feb-23,23:24:33,08-Mar-23,00:38:49,Agra,Holi
248,C044,19,5,08-Feb-23,08:43:41,10-Feb-23,04:15:01,Alwar,Valentine's Day
250,C086,37,5,08-Nov-23,15:07:27,09-Nov-23,01:32:06,Korba,Diwali
254,C093,1,5,07-Jul-23,00:09:44,15-Jul-23,05:27:49,Bhilai,All Occasions
256,C065,4,5,06-Nov-23,19:13:49,14-Nov-23,18:05:55,Suryapet,Diwali
258,C044,46,5,16-Apr-23,05:40:39,20-Apr-23,20:05:32,Vijayawada,Anniversary
260,C100,69,5,06-Mar-23,13:06:11,16-Mar-23,22:22:30,Satara,Holi
270,C084,21,5,22-Aug-23,20:21:29,01-Sep-23,16:03:59,Avadi,Raksha Bandhan
271,C039,36,5,23-Jun-23,18:27:42,30-Jun-23,18:20:05,Patna,Birthday
274,C078,41,5,02-Nov-23,06:37:51,12-Nov-23,20:53:36,Raebareli,Diwali
277,C062,34,5,23-Aug-23,19:16:40,29-Aug-23,15:50:18,Bhilai,Raksha Bandhan
285,C082,7,5,26-Feb-23,17:26:44,01-Mar-23,12:52:20,Tirunelveli,Holi
287,C011,7,5,03-Mar-23,04:54:04,06-Mar-23,15:39:57,Muzaffarnagar,Holi
294,C047,26,5,01-Mar-23,21:04:18,03-Mar-23,19:44:54,Nagpur,Holi
296,C081,70,5,01-Apr-23,11:55:14,11-Apr-23,19:33:46,Tirunelveli,Birthday
299,C091,8,5,08-Nov-23,11:51:21,17-Nov-23,13:17:51,Vellore,Anniversary
315,C063,26,5,06-Mar-23,14:21:31,09-Mar-23,19:20:21,Ambattur,Holi
316,C048,2,5,11-Feb-23,21:35:05,15-Feb-23,07:21:50,Muzaffarnagar,Valentine's Day
318,C038,26,5,07-Mar-23,12:15:49,11-Mar-23,15:59:47,Hosur,Holi
321,C049,12,5,08-Mar-23,11:27:05,17-Mar-23,09:51:43,Rampur,Anniversary
325,C091,27,5,25-Aug-23,18:30:45,04-Sep-23,20:02:37,Amritsar,Raksha Bandhan
331,C023,41,5,04-Nov-23,21:49:56,05-Nov-23,14:13:32,Patna,Diwali
332,C052,20,5,11-Apr-23,20:14:13,18-Apr-23,14:10:44,Khammam,Anniversary
333,C100,22,5,09-Feb-23,06:19:15,10-Feb-23,03:46:29,South Dumdum,All Occasions
342,C062,36,5,03-Nov-23,04:03:43,08-Nov-23,16:26:16,Salem,Birthday
344,C020,28,5,29-Aug-23,17:06:22,03-Sep-23,06:28:07,Tiruvottiyur,Raksha Bandhan
354,C087,13,5,26-Feb-23,17:25:28,06-Mar-23,09:43:32,Narasaraopet,Holi
365,C028,8,5,01-Jun-23,15:31:47,04-Jun-23,10:15:29,Agra,Anniversary
367,C010,47,5,03-Mar-23,00:44:09,12-Mar-23,15:05:03,South Dumdum,Holi
393,C087,17,5,14-Nov-23,11:01:18,22-Nov-23,16:10:46,Solapur,Anniversary
394,C028,38,5,23-Mar-23,04:26:37,31-Mar-23,19:25:58,Dewas,Birthday
396,C068,10,5,15-Mar-23,15:30:58,16-Mar-23,01:45:01,Tiruvottiyur,Birthday
397,C034,4,5,09-Nov-23,06:48:09,14-Nov-23,13:32:34,Junagadh,Diwali
401,C089,9,5,29-Aug-23,19:53:33,04-Sep-23,07:19:07,Bharatpur,Raksha Bandhan
404,C055,21,5,22-Aug-23,07:55:20,24-Aug-23,22:27:19,South Dumdum,Raksha Bandhan
413,C050,59,5,22-Aug-23,05:32:17,30-Aug-23,20:21:11,Amritsar,Raksha Bandhan
416,C006,58,5,12-Feb-23,16:41:02,17-Feb-23,09:37:01,Saharanpur,Valentine's Day
427,C042,48,5,03-Nov-23,07:56:32,13-Nov-23,22:46:12,Gudivada,Diwali
429,C007,9,5,22-Aug-23,22:46:57,31-Aug-23,12:43:52,Bahraich,Raksha Bandhan
433,C068,7,5,26-Feb-23,23:33:51,02-Mar-23,04:19:56,Amravati,Holi
445,C047,30,5,14-Jun-23,20:08:42,15-Jun-23,14:22:27,Karnal,Anniversary
446,C079,33,5,12-Feb-23,02:54:04,15-Feb-23,11:03:28,Bokaro,Valentine's Day
450,C096,39,5,02-Dec-23,07:58:05,12-Dec-23,10:09:58,Sri Ganganagar,All Occasions
451,C079,33,5,07-Feb-23,00:16:52,13-Feb-23,21:10:57,Ujjain,Valentine's Day
457,C036,22,5,27-May-23,13:55:39,29-May-23,16:38:25,Mirzapur,All Occasions
462,C069,60,5,04-Nov-23,18:10:06,13-Nov-23,14:20:14,Kirari Suleman Nagar,Diwali
465,C029,55,5,23-Aug-23,23:46:12,26-Aug-23,13:29:11,Madurai,Raksha Bandhan
470,C031,47,5,28-Feb-23,17:34:04,06-Mar-23,15:29:29,Bhavnagar,Holi
478,C003,11,5,08-Feb-23,01:11:21,09-Feb-23,09:50:19,Ambarnath,Valentine's Day
481,C044,12,5,21-Aug-23,00:00:53,25-Aug-23,18:36:25,Bhiwandi,Anniversary
484,C034,1,5,26-May-23,19:03:55,03-Jun-23,19:32:17,Morena,All Occasions
502,C099,22,5,24-Jun-23,05:33:20,30-Jun-23,00:55:44,Munger,All Occasions
509,C003,13,5,05-Mar-23,12:48:55,09-Mar-23,07:47:16,Uluberia,Holi
510,C017,54,5,08-Dec-23,13:00:05,17-Dec-23,06:14:47,Panipat,Anniversary
515,C078,14,5,21-Oct-23,23:22:39,27-Oct-23,14:59:49,Unnao,Birthday
517,C064,60,5,09-Nov-23,01:01:13,17-Nov-23,19:04:55,Aligarh,Diwali
520,C026,14,5,07-Apr-23,04:43:51,08-Apr-23,08:21:40,Mysore,Birthday
521,C062,33,5,04-Feb-23,21:00:17,08-Feb-23,02:28:38,Noida,Valentine's Day
526,C008,13,5,02-Mar-23,06:06:20,08-Mar-23,01:35:05,Bangalore,Holi
531,C029,28,5,29-Aug-23,13:32:08,07-Sep-23,08:43:11,Dehradun,Raksha Bandhan
532,C036,30,5,02-Sep-23,13:25:06,10-Sep-23,02:55:07,Bharatpur,Anniversary
538,C097,24,5,18-May-23,13:09:06,19-May-23,22:36:16,Ghaziabad,Birthday
542,C051,54,5,07-Jul-23,19:41:20,12-Jul-23,09:52:12,Satara,Anniversary
545,C083,9,5,20-Aug-23,01:54:52,26-Aug-23,08:07:19,Ratlam,Raksha Bandhan
547,C088,30,5,10-Jan-23,02:30:12,19-Jan-23,13:56:41,Ahmedabad,Anniversary
550,C023,29,5,27-Feb-23,19:28:12,05-Mar-23,17:03:39,Bettiah,Holi
561,C099,49,5,12-Feb-23,12:24:35,21-Feb-23,17:23:34,Ghaziabad,Valentine's Day
563,C077,58,5,11-Feb-23,11:43:18,19-Feb-23,05:04:29,Jorhat,Valentine's Day
572,C060,25,5,04-Jun-23,15:48:37,10-Jun-23,10:11:48,Kamarhati,Anniversary
573,C040,3,5,08-Feb-23,02:52:06,14-Feb-23,02:57:06,Thane,Valentine's Day
585,C013,63,5,26-Apr-23,18:32:41,01-May-23,01:52:06,Bhubaneswar,All Occasions
586,C068,64,5,27-Aug-23,21:04:38,04-Sep-23,16:30:39,Bilaspur,Raksha Bandhan
588,C056,49,5,04-Feb-23,06:37:00,05-Feb-23,21:21:57,Kishanganj,Valentine's Day
592,C007,47,5,07-Mar-23,03:27:03,11-Mar-23,21:41:23,Phusro,Holi
602,C042,43,5,02-Nov-23,10:17:25,11-Nov-23,06:02:00,Buxar,Diwali
606,C047,3,5,08-Feb-23,02:13:13,17-Feb-23,07:31:32,Sambalpur,Valentine's Day
608,C030,55,5,28-Aug-23,20:30:15,01-Sep-23,07:14:20,Etawah,Raksha Bandhan
609,C024,25,5,27-Oct-23,11:08:56,28-Oct-23,23:46:55,Hazaribagh,Anniversary
613,C063,4,5,10-Nov-23,17:54:34,14-Nov-23,19:18:27,Gwalior,Diwali
616,C006,44,5,08-Nov-23,23:57:57,12-Nov-23,19:20:59,Phagwara,Diwali
624,C024,53,5,29-Aug-23,09:19:59,01-Sep-23,08:29:54,Ambala,Raksha Bandhan
625,C089,63,5,23-Feb-23,21:15:42,04-Mar-23,02:46:06,Belgaum,All Occasions
626,C024,40,5,23-Sep-23,15:12:58,27-Sep-23,08:14:22,Bellary,Anniversary
628,C061,11,5,10-Feb-23,21:50:27,13-Feb-23,21:07:46,Ongole,Valentine's Day
629,C032,28,5,27-Aug-23,09:09:01,04-Sep-23,15:31:23,Sangli-Miraj & Kupwad,Raksha Bandhan
633,C031,52,5,10-Feb-23,14:44:42,15-Feb-23,05:12:46,Surat,Valentine's Day
642,C021,44,5,02-Nov-23,05:26:04,07-Nov-23,00:29:51,Kozhikode,Diwali
646,C015,38,5,13-May-23,16:30:10,23-May-23,09:16:58,Morbi,Birthday
647,C069,21,5,25-Aug-23,17:00:25,26-Aug-23,01:29:04,Anantapuram,Raksha Bandhan
659,C048,19,5,05-Feb-23,17:44:56,12-Feb-23,22:37:43,Silchar,Valentine's Day
665,C060,62,5,05-Mar-23,14:23:22,15-Mar-23,15:54:03,Akola,Holi
666,C032,26,5,02-Mar-23,09:41:06,08-Mar-23,19:28:15,Jammu,Holi
669,C035,68,5,10-Feb-23,07:11:50,17-Feb-23,09:56:42,Ludhiana,Valentine's Day
670,C057,23,5,01-Jun-23,05:47:59,10-Jun-23,05:09:00,Bhopal,Anniversary
672,C049,44,5,07-Nov-23,14:06:15,09-Nov-23,06:46:37,Saharanpur,Diwali
677,C045,37,5,04-Nov-23,07:54:01,14-Nov-23,05:32:35,Panihati,Diwali
678,C020,31,5,10-Sep-23,14:23:59,20-Sep-23,10:13:07,Jalna,All Occasions
681,C098,23,5,29-Jan-23,10:08:06,05-Feb-23,12:01:28,Nashik,Anniversary
682,C054,50,5,26-Feb-23,07:31:16,05-Mar-23,11:32:33,Hyderabad,Holi
687,C098,8,5,15-Mar-23,17:57:15,19-Mar-23,04:50:54,Raichur,Anniversary
691,C002,48,5,06-Nov-23,05:22:43,10-Nov-23,11:08:26,Naihati,Diwali
693,C041,4,5,04-Nov-23,23:48:55,07-Nov-23,05:31:27,Ghaziabad,Diwali
701,C080,41,5,07-Nov-23,10:57:34,11-Nov-23,04:56:26,Tezpur,Diwali
709,C016,53,5,29-Aug-23,04:38:05,07-Sep-23,17:29:15,Kolkata,Raksha Bandhan
710,C087,54,5,22-May-23,01:33:03,29-May-23,01:43:52,Jalna,Anniversary
712,C057,65,5,11-Jul-23,13:00:12,13-Jul-23,06:34:57,Hazaribagh,All Occasions
717,C059,67,5,25-Jun-23,06:18:32,26-Jun-23,23:20:48,Yamunanagar,Anniversary
720,C045,22,5,15-Dec-23,14:42:41,20-Dec-23,06:07:08,Vellore,All Occasions
721,C022,3,5,07-Feb-23,03:28:21,17-Feb-23,18:28:02,Vasai-Virar,Valentine's Day
722,C044,13,5,02-Mar-23,17:30:25,08-Mar-23,08:06:58,Mathura,Holi
727,C061,12,5,18-Nov-23,01:37:03,22-Nov-23,16:22:32,Anand,Anniversary
731,C083,59,5,25-Aug-23,12:01:20,02-Sep-23,11:02:31,Bulandshahr,Raksha Bandhan
736,C008,70,5,02-May-23,03:47:04,11-May-23,04:38:44,Ghaziabad,Birthday
737,C068,46,5,14-Sep-23,07:35:50,17-Sep-23,13:37:05,Bhilwara,Anniversary
738,C098,16,5,03-Mar-23,16:23:38,09-Mar-23,01:36:32,Maheshtala,Holi
739,C094,24,5,30-Jan-23,09:43:50,03-Feb-23,10:33:33,Berhampur,Birthday
741,C072,53,5,23-Aug-23,12:47:09,01-Sep-23,21:37:19,Siwan,Raksha Bandhan
742,C089,53,5,24-Aug-23,19:50:07,26-Aug-23,15:58:06,Panchkula,Raksha Bandhan
751,C084,23,5,10-Apr-23,07:12:34,15-Apr-23,01:52:34,Gandhidham,Anniversary
752,C034,3,5,10-Feb-23,11:38:01,12-Feb-23,10:35:58,Bally,Valentine's Day
755,C037,6,5,27-Feb-23,16:33:26,06-Mar-23,02:16:52,Aurangabad,Holi
758,C043,40,5,16-Oct-23,09:12:26,20-Oct-23,03:46:58,Ajmer,Anniversary
759,C084,48,5,02-Nov-23,06:12:14,11-Nov-23,06:06:56,Bathinda,Diwali
761,C008,24,5,18-Apr-23,03:25:13,25-Apr-23,11:53:46,Ambala,Birthday
772,C085,35,5,01-Mar-23,05:03:06,04-Mar-23,08:20:05,Machilipatnam,Holi
774,C051,65,5,17-Jun-23,21:28:21,27-Jun-23,03:01:20,Begusarai,All Occasions
783,C024,55,5,28-Aug-23,04:31:27,29-Aug-23,05:10:51,Visakhapatnam,Raksha Bandhan
785,C052,47,5,26-Feb-23,17:41:34,01-Mar-23,13:09:23,Jodhpur,Holi
793,C095,58,5,05-Feb-23,17:37:16,15-Feb-23,01:28:17,Mirzapur,Valentine's Day
798,C043,30,5,17-Dec-23,17:35:18,26-Dec-23,01:52:09,Sultan Pur Majra,Anniversary
799,C084,32,5,22-Oct-23,01:50:09,01-Nov-23,20:22:26,Patna,Birthday
800,C014,24,5,17-Jun-23,21:50:22,21-Jun-23,07:12:59,Machilipatnam,Birthday
811,C020,14,5,18-Oct-23,12:04:11,25-Oct-23,21:55:52,Bellary,Birthday
814,C094,47,5,05-Mar-23,01:59:20,14-Mar-23,04:41:16,Kumbakonam,Holi
819,C052,55,5,22-Aug-23,13:05:23,24-Aug-23,01:32:28,Kottayam,Raksha Bandhan
822,C075,41,5,09-Nov-23,03:23:06,12-Nov-23,04:15:17,Indore,Diwali
825,C044,25,5,30-Jun-23,10:50:24,01-Jul-23,18:08:04,Nellore,Anniversary
826,C077,16,5,02-Mar-23,20:02:07,08-Mar-23,06:16:18,Udaipur,Holi
831,C079,56,5,24-May-23,18:41:33,03-Jun-23,19:06:17,Rajahmundry,Anniversary
834,C029,60,5,03-Nov-23,18:35:20,12-Nov-23,14:01:49,Thrissur,Diwali
836,C020,44,5,08-Nov-23,02:36:05,11-Nov-23,03:11:27,Tumkur,Diwali
837,C036,14,5,19-Dec-23,12:57:12,21-Dec-23,00:00:36,Raebareli,Birthday
841,C041,26,5,07-Mar-23,06:16:00,12-Mar-23,23:16:39,Bhalswa Jahangir Pur,Holi
845,C032,57,5,17-Oct-23,18:51:16,25-Oct-23,02:55:03,Hospet,Birthday
855,C033,57,5,07-Aug-23,23:50:11,17-Aug-23,20:15:43,Allahabad,Birthday
866,C021,15,5,10-Aug-23,20:06:37,11-Aug-23,08:02:41,Medininagar,Anniversary
869,C032,3,5,06-Feb-23,10:03:19,11-Feb-23,23:16:28,Hazaribagh,Valentine's Day
870,C018,43,5,05-Nov-23,15:13:46,07-Nov-23,06:49:39,Pallavaram,Diwali
877,C041,46,5,09-Mar-23,23:16:16,18-Mar-23,12:27:24,Hazaribagh,Anniversary
880,C044,34,5,29-Aug-23,22:14:26,31-Aug-23,04:54:50,Purnia,Raksha Bandhan
897,C031,34,5,25-Aug-23,07:53:21,01-Sep-23,14:02:50,Dhule,Raksha Bandhan
902,C025,32,5,22-Mar-23,13:29:55,24-Mar-23,12:24:01,Bidar,Birthday
908,C090,28,5,22-Aug-23,15:51:25,24-Aug-23,22:50:08,Ozhukarai,Raksha Bandhan
913,C092,56,5,10-Dec-23,18:39:24,12-Dec-23,05:37:07,Bharatpur,Anniversary
919,C038,35,5,28-Feb-23,08:27:53,04-Mar-23,00:05:29,Delhi,Holi
934,C022,27,5,22-Aug-23,00:41:04,23-Aug-23,08:38:52,Agartala,Raksha Bandhan
935,C046,27,5,20-Aug-23,09:38:15,29-Aug-23,17:18:37,Kurnool,Raksha Bandhan
956,C037,34,5,29-Aug-23,04:52:24,03-Sep-23,14:53:28,Sagar,Raksha Bandhan
961,C016,1,5,01-Feb-23,06:49:28,10-Feb-23,20:54:38,Gulbarga,All Occasions
962,C028,17,5,29-Sep-23,11:55:53,01-Oct-23,16:15:08,Kalyan-Dombivli,Anniversary
980,C067,12,5,21-Sep-23,20:35:26,30-Sep-23,00:43:39,Bijapur,Anniversary
991,C054,36,5,09-Feb-23,15:01:12,15-Feb-23,17:16:56,Barasat,Birthday
993,C082,61,5,08-Oct-23,21:34:06,14-Oct-23,15:55:58,Kishanganj,Anniversary
996,C077,25,5,13-May-23,06:55:09,19-May-23,05:41:20,Faridabad,Anniversary
8,C097,43,3,08-Nov-23,19:20:02,14-Nov-23,08:44:45,Morena,Diwali
10,C099,56,3,26-Feb-23,00:17:26,08-Mar-23,20:47:43,Ambala,Anniversary
12,C097,38,3,12-Jul-23,08:28:56,20-Jul-23,23:34:57,Karnal,Birthday
13,C024,20,3,24-Feb-23,16:47:16,04-Mar-23,02:27:37,Gandhidham,Anniversary
16,C013,20,3,16-Feb-23,15:06:11,20-Feb-23,22:14:21,Khammam,Anniversary
23,C041,12,3,05-May-23,05:28:33,06-May-23,12:12:24,Ludhiana,Anniversary
24,C018,42,3,25-Jul-23,05:10:42,03-Aug-23,07:57:35,Durg,All Occasions
25,C091,30,3,21-Jul-23,10:46:57,24-Jul-23,14:28:42,Panipat,Anniversary
26,C040,6,3,06-Mar-23,05:03:06,12-Mar-23,06:06:11,Amroha,Holi
28,C088,42,3,05-May-23,03:25:25,10-May-23,07:55:04,Guwahati,All Occasions
33,C047,8,3,15-Apr-23,01:37:27,25-Apr-23,02:13:27,Amroha,Anniversary
38,C067,37,3,11-Nov-23,12:30:28,14-Nov-23,12:24:51,Indore,Diwali
43,C046,49,3,12-Feb-23,22:31:16,16-Feb-23,02:47:47,Sambalpur,Valentine's Day
63,C056,42,3,25-Jun-23,06:22:38,26-Jun-23,15:40:04,Munger,All Occasions
72,C058,26,3,03-Mar-23,15:49:26,12-Mar-23,17:34:10,Bally,Holi
74,C024,31,3,01-Jan-23,20:55:22,07-Jan-23,09:02:03,Shivpuri,All Occasions
77,C028,42,3,05-Aug-23,01:07:11,13-Aug-23,16:20:52,Kanpur,All Occasions
82,C038,70,3,04-Aug-23,22:02:05,05-Aug-23,14:08:13,Gwalior,Birthday
90,C088,41,3,09-Nov-23,20:54:16,18-Nov-23,17:48:35,Shahjahanpur,Diwali
96,C099,25,3,14-Mar-23,15:00:21,23-Mar-23,08:56:06,Latur,Anniversary
99,C050,38,3,04-Nov-23,14:00:46,05-Nov-23,15:44:38,Burhanpur,Birthday
102,C081,10,3,28-Oct-23,19:34:14,06-Nov-23,07:06:35,Ozhukarai,Birthday
103,C097,18,3,01-Feb-23,12:24:59,08-Feb-23,22:51:39,Ichalkaranji,Birthday
104,C082,51,3,29-Dec-23,01:45:29,05-Jan-24,00:15:28,Ahmednagar,All Occasions
107,C041,4,3,06-Nov-23,10:18:07,12-Nov-23,14:20:21,Gorakhpur,Diwali
111,C009,8,3,21-Jun-23,14:18:57,25-Jun-23,21:03:57,Ramgarh,Anniversary
112,C023,37,3,11-Nov-23,06:36:04,14-Nov-23,15:50:59,Kochi,Diwali
113,C032,1,3,14-Nov-23,15:30:30,23-Nov-23,04:26:47,Bulandshahr,All Occasions
116,C009,4,3,11-Nov-23,14:28:05,20-Nov-23,05:25:26,Howrah,Diwali
117,C033,59,3,20-Aug-23,18:50:05,22-Aug-23,03:43:01,Loni,Raksha Bandhan
121,C048,33,3,05-Feb-23,02:18:55,09-Feb-23,07:29:31,Guntur,Valentine's Day
128,C065,12,3,06-Mar-23,16:50:28,13-Mar-23,15:11:19,Kochi,Anniversary
148,C046,24,3,05-Dec-23,02:09:08,07-Dec-23,08:57:38,Gopalpur,Birthday
149,C008,5,3,06-Oct-23,23:23:09,09-Oct-23,20:09:12,Mangalore,All Occasions
155,C023,23,3,01-May-23,14:46:58,06-May-23,00:00:30,Sambhal,Anniversary
157,C019,35,3,26-Feb-23,12:44:17,06-Mar-23,11:35:44,Thiruvananthapuram,Holi
159,C095,43,3,09-Nov-23,21:31:39,11-Nov-23,04:55:56,Davanagere,Diwali
160,C037,36,3,02-Jun-23,00:28:57,10-Jun-23,07:52:59,Moradabad,Birthday
161,C054,58,3,13-Feb-23,03:08:06,14-Feb-23,23:12:01,Karaikudi,Valentine's Day
162,C050,55,3,27-Aug-23,06:14:31,05-Sep-23,15:53:45,Barasat,Raksha Bandhan
166,C035,4,3,07-Nov-23,23:05:28,10-Nov-23,06:12:46,Madanapalle,Diwali
171,C071,54,3,30-Jun-23,11:47:49,08-Jul-23,12:27:06,Tiruvottiyur,Anniversary
174,C048,4,3,03-Nov-23,15:39:20,13-Nov-23,18:06:46,Malda,Diwali
179,C078,47,3,28-Feb-23,15:16:02,10-Mar-23,14:31:07,Vijayanagaram,Holi
183,C082,48,3,09-Nov-23,18:11:41,11-Nov-23,15:29:26,Bahraich,Diwali
184,C027,52,3,11-Feb-23,21:34:53,20-Feb-23,05:00:29,Dharmavaram,Valentine's Day
191,C012,24,3,12-Oct-23,18:13:06,17-Oct-23,08:50:02,Etawah,Birthday
206,C099,68,3,11-Feb-23,22:12:16,13-Feb-23,12:42:01,Ulhasnagar,Valentine's Day
214,C099,13,3,01-Mar-23,07:49:55,07-Mar-23,08:27:25,Durgapur,Holi
220,C001,26,3,06-Mar-23,12:26:54,15-Mar-23,14:41:52,Jalandhar,Holi
229,C079,49,3,11-Feb-23,20:55:38,20-Feb-23,09:32:50,Junagadh,Valentine's Day
230,C053,64,3,27-Aug-23,08:27:50,01-Sep-23,01:35:49,Mehsana,Raksha Bandhan
231,C093,64,3,24-Aug-23,09:15:18,28-Aug-23,21:13:01,Proddatur,Raksha Bandhan
232,C044,28,3,22-Aug-23,12:06:09,23-Aug-23,09:00:02,Nadiad,Raksha Bandhan
239,C088,27,3,29-Aug-23,08:33:45,06-Sep-23,13:23:08,Gurgaon,Raksha Bandhan
244,C041,65,3,20-Mar-23,15:06:01,30-Mar-23,07:06:40,Guntakal,All Occasions
245,C020,50,3,05-Mar-23,06:25:26,11-Mar-23,09:30:30,Noida,Holi
257,C077,21,3,22-Aug-23,15:42:59,24-Aug-23,22:39:39,Chinsurah,Raksha Bandhan
261,C041,37,3,06-Nov-23,14:03:50,12-Nov-23,20:17:47,Malegaon,Diwali
262,C038,49,3,07-Feb-23,08:05:16,11-Feb-23,01:06:57,Tirunelveli,Valentine's Day
264,C010,52,3,09-Feb-23,05:35:19,18-Feb-23,15:43:46,Asansol,Valentine's Day
267,C055,35,3,04-Mar-23,13:38:57,12-Mar-23,03:52:00,Chandrapur,Holi
280,C003,19,3,07-Feb-23,17:44:47,12-Feb-23,16:31:05,Mangalore,Valentine's Day
281,C008,15,3,21-Sep-23,20:36:47,25-Sep-23,10:27:14,Nellore,Anniversary
286,C098,50,3,06-Mar-23,20:05:40,12-Mar-23,02:41:27,Mango,Holi
290,C079,69,3,06-Mar-23,10:27:18,10-Mar-23,14:33:34,Alwar,Holi
297,C047,13,3,28-Feb-23,20:15:29,05-Mar-23,20:52:27,Phagwara,Holi
301,C070,6,3,27-Feb-23,06:24:22,04-Mar-23,16:52:16,Kota,Holi
304,C088,67,3,12-Mar-23,09:24:28,19-Mar-23,23:09:37,Tiruchirappalli,Anniversary
310,C061,38,3,20-Aug-23,12:24:22,24-Aug-23,15:42:48,Bhalswa Jahangir Pur,Birthday
317,C014,29,3,07-Mar-23,18:51:27,15-Mar-23,16:12:50,Ahmednagar,Holi
326,C088,34,3,27-Aug-23,15:39:05,03-Sep-23,15:33:32,Panchkula,Raksha Bandhan
328,C024,23,3,17-Apr-23,17:51:38,22-Apr-23,08:59:18,Maheshtala,Anniversary
329,C095,17,3,26-Aug-23,02:22:03,04-Sep-23,03:08:52,Nashik,Anniversary
337,C008,24,3,16-May-23,14:21:12,22-May-23,20:26:13,Siwan,Birthday
338,C087,21,3,20-Aug-23,14:15:51,28-Aug-23,01:34:07,Panchkula,Raksha Bandhan
340,C076,38,3,14-Jul-23,07:53:01,22-Jul-23,02:56:01,Davanagere,Birthday
343,C006,66,3,06-Mar-23,14:12:40,09-Mar-23,09:27:05,Parbhani,Holi
350,C020,19,3,13-Feb-23,12:22:57,22-Feb-23,16:26:10,Kolkata,Valentine's Day
364,C003,43,3,08-Nov-23,06:09:01,09-Nov-23,04:37:33,Satara,Diwali
366,C033,3,3,08-Feb-23,23:15:47,16-Feb-23,10:51:38,Kolkata,Valentine's Day
368,C042,6,3,04-Mar-23,23:03:22,06-Mar-23,02:52:10,Nashik,Holi
369,C014,63,3,07-Aug-23,07:23:44,15-Aug-23,04:28:30,Jammu,All Occasions
372,C006,25,3,08-Nov-23,19:04:25,18-Nov-23,18:28:46,Kamarhati,Anniversary
381,C013,25,3,25-Jan-23,18:30:03,28-Jan-23,06:21:06,Tiruchirappalli,Anniversary
384,C004,25,3,11-May-23,16:57:57,15-May-23,13:57:13,Bhilai,Anniversary
400,C083,45,3,07-May-23,14:05:01,15-May-23,18:10:53,Kumbakonam,Birthday
407,C074,69,3,26-Feb-23,08:52:11,28-Feb-23,04:09:44,Jamalpur,Holi
418,C069,64,3,24-Aug-23,13:17:22,01-Sep-23,11:37:10,Karimnagar,Raksha Bandhan
419,C065,47,3,05-Mar-23,17:18:51,11-Mar-23,13:53:36,Agartala,Holi
420,C039,6,3,27-Feb-23,08:36:20,28-Feb-23,00:07:29,Kota,Holi
439,C037,12,3,13-Dec-23,08:56:11,22-Dec-23,12:51:06,Hyderabad,Anniversary
442,C023,3,3,08-Feb-23,18:03:20,15-Feb-23,08:05:39,Khandwa,Valentine's Day
443,C046,49,3,04-Feb-23,22:22:19,13-Feb-23,02:16:00,Secunderabad,Valentine's Day
444,C021,60,3,02-Nov-23,01:01:13,09-Nov-23,09:54:20,Jalna,Diwali
452,C045,70,3,09-Jul-23,19:57:29,17-Jul-23,11:42:18,Mahbubnagar,Birthday
463,C078,18,3,24-Sep-23,22:23:47,30-Sep-23,00:52:03,Hazaribagh,Birthday
464,C014,18,3,05-Jul-23,03:04:25,08-Jul-23,13:38:45,Buxar,Birthday
473,C061,22,3,28-Mar-23,08:13:57,04-Apr-23,15:44:18,Giridih,All Occasions
482,C050,23,3,05-Jun-23,20:33:38,14-Jun-23,20:56:35,Ludhiana,Anniversary
505,C028,45,3,02-Jun-23,13:19:25,05-Jun-23,01:59:32,Allahabad,Birthday
518,C045,45,3,09-Apr-23,04:46:41,15-Apr-23,19:40:46,Ahmednagar,Birthday
522,C011,50,3,27-Feb-23,21:04:28,08-Mar-23,01:34:50,Avadi,Holi
523,C071,30,3,02-Jul-23,13:37:08,09-Jul-23,15:38:36,Muzaffarpur,Anniversary
527,C036,33,3,11-Feb-23,12:51:40,19-Feb-23,15:58:07,Bardhaman,Valentine's Day
528,C001,27,3,27-Aug-23,05:01:16,30-Aug-23,17:03:43,Tirunelveli,Raksha Bandhan
533,C006,14,3,18-Apr-23,07:19:52,20-Apr-23,17:43:45,Raurkela Industrial Township,Birthday
535,C017,25,3,08-Jul-23,21:59:28,11-Jul-23,06:30:40,Saharsa,Anniversary
536,C048,59,3,25-Aug-23,15:14:52,30-Aug-23,11:13:10,Kota,Raksha Bandhan
537,C064,42,3,17-Oct-23,06:19:24,25-Oct-23,03:09:08,Korba,All Occasions
539,C056,20,3,09-Jun-23,15:39:18,16-Jun-23,14:17:05,Jehanabad,Anniversary
541,C007,24,3,13-Nov-23,05:51:09,16-Nov-23,22:56:34,Sasaram,Birthday
546,C064,25,3,02-Feb-23,22:04:53,11-Feb-23,10:00:07,Motihari,Anniversary
552,C064,31,3,10-May-23,18:59:31,11-May-23,17:09:07,Tezpur,All Occasions
557,C039,47,3,01-Mar-23,03:00:42,08-Mar-23,02:10:39,Kavali,Holi
558,C091,64,3,22-Aug-23,00:42:58,25-Aug-23,00:24:52,Muzaffarpur,Raksha Bandhan
565,C011,50,3,06-Mar-23,17:28:16,14-Mar-23,13:12:47,Mehsana,Holi
570,C056,69,3,28-Feb-23,11:25:04,09-Mar-23,00:53:55,Satna,Holi
574,C064,29,3,02-Mar-23,23:57:06,06-Mar-23,21:45:12,Kozhikode,Holi
589,C093,40,3,09-Dec-23,21:23:17,19-Dec-23,01:21:34,Lucknow,Anniversary
591,C002,31,3,06-Jul-23,12:56:00,14-Jul-23,00:00:51,Surat,All Occasions
593,C016,58,3,05-Feb-23,17:30:40,12-Feb-23,09:34:03,Bhilai,Valentine's Day
598,C054,37,3,11-Nov-23,02:51:23,18-Nov-23,21:53:27,Ratlam,Diwali
603,C079,8,3,29-May-23,05:23:57,07-Jun-23,15:14:45,Tiruvottiyur,Anniversary
604,C069,39,3,31-Jan-23,19:54:56,03-Feb-23,21:24:38,Tadipatri,All Occasions
607,C028,50,3,03-Mar-23,01:50:25,05-Mar-23,09:52:56,Bidhannagar,Holi
610,C068,5,3,03-Jan-23,17:25:41,05-Jan-23,00:11:36,Sirsa,All Occasions
615,C020,28,3,25-Aug-23,21:11:09,01-Sep-23,06:10:16,Allahabad,Raksha Bandhan
620,C074,67,3,11-Jul-23,22:23:01,18-Jul-23,01:24:50,Chapra,Anniversary
621,C070,64,3,20-Aug-23,07:17:03,28-Aug-23,01:32:49,Ahmedabad,Raksha Bandhan
630,C071,67,3,21-Feb-23,21:37:47,01-Mar-23,18:53:08,Karimnagar,Anniversary
634,C038,57,3,07-May-23,06:36:16,11-May-23,13:43:49,Fatehpur,Birthday
637,C056,51,3,12-Mar-23,19:29:26,20-Mar-23,22:34:14,Darbhanga,All Occasions
640,C089,59,3,23-Aug-23,06:16:51,31-Aug-23,19:07:21,Bathinda,Raksha Bandhan
645,C033,50,3,27-Feb-23,01:46:39,28-Feb-23,02:07:11,Danapur,Holi
648,C040,41,3,05-Nov-23,19:06:16,09-Nov-23,08:25:00,Chittoor,Diwali
649,C053,43,3,02-Nov-23,03:05:41,11-Nov-23,08:55:15,Naihati,Diwali
650,C077,32,3,23-Feb-23,01:54:43,02-Mar-23,03:09:36,Guwahati,Birthday
657,C055,13,3,03-Mar-23,09:37:53,08-Mar-23,14:48:35,Kochi,Holi
658,C061,21,3,22-Aug-23,20:54:56,31-Aug-23,08:54:06,Srikakulam,Raksha Bandhan
660,C053,58,3,11-Feb-23,06:08:46,21-Feb-23,20:48:35,Amravati,Valentine's Day
662,C068,20,3,09-Feb-23,18:29:52,18-Feb-23,08:27:53,Hazaribagh,Anniversary
667,C052,44,3,04-Nov-23,08:26:58,07-Nov-23,10:30:59,Alwar,Diwali
673,C008,33,3,04-Feb-23,05:54:49,07-Feb-23,04:25:38,Gaya,Valentine's Day
683,C024,27,3,23-Aug-23,21:26:58,30-Aug-23,19:25:08,Surendranagar Dudhrej,Raksha Bandhan
684,C029,70,3,17-Sep-23,01:33:50,25-Sep-23,02:44:39,Tumkur,Birthday
696,C046,13,3,07-Mar-23,02:42:21,14-Mar-23,15:08:45,Rajpur Sonarpur,Holi
698,C060,64,3,29-Aug-23,20:44:11,06-Sep-23,15:00:13,Ozhukarai,Raksha Bandhan
708,C002,62,3,03-Mar-23,10:59:15,12-Mar-23,05:05:35,Ozhukarai,Holi
711,C093,68,3,04-Feb-23,17:15:28,06-Feb-23,14:50:53,Tiruppur,Valentine's Day
713,C081,37,3,08-Nov-23,23:24:22,15-Nov-23,22:51:21,Tiruppur,Diwali
716,C076,40,3,19-Aug-23,23:18:12,26-Aug-23,01:39:58,Berhampore,Anniversary
719,C092,57,3,12-Jul-23,07:44:51,19-Jul-23,01:51:24,Phagwara,Birthday
723,C045,14,3,04-Feb-23,18:00:57,05-Feb-23,00:57:28,Mau,Birthday
725,C035,35,3,06-Mar-23,23:23:18,11-Mar-23,20:03:47,Kishanganj,Holi
733,C060,32,3,01-Apr-23,00:51:37,03-Apr-23,02:26:43,Ludhiana,Birthday
734,C008,49,3,11-Feb-23,11:44:37,14-Feb-23,09:06:06,Morena,Valentine's Day
750,C022,19,3,08-Feb-23,09:22:41,14-Feb-23,22:24:42,Chapra,Valentine's Day
757,C001,2,3,12-Feb-23,10:23:53,20-Feb-23,04:40:28,Shivpuri,Valentine's Day
764,C039,65,3,01-Aug-23,19:59:36,05-Aug-23,09:24:36,Berhampur,All Occasions
770,C080,25,3,29-May-23,00:20:57,07-Jun-23,09:39:12,Pallavaram,Anniversary
777,C016,70,3,24-Feb-23,15:33:57,27-Feb-23,11:29:39,Bhusawal,Birthday
788,C099,53,3,24-Aug-23,04:58:58,27-Aug-23,08:56:52,Durgapur,Raksha Bandhan
802,C097,45,3,23-Mar-23,12:37:23,26-Mar-23,06:19:00,Dibrugarh,Birthday
804,C009,3,3,05-Feb-23,05:37:18,07-Feb-23,01:58:08,Deoghar,Valentine's Day
805,C028,24,3,11-Jun-23,14:39:08,14-Jun-23,18:07:19,Bareilly,Birthday
810,C059,24,3,15-Dec-23,05:57:14,17-Dec-23,12:05:52,New Delhi,Birthday
815,C098,61,3,29-Sep-23,07:08:13,08-Oct-23,14:46:18,Bhatpara,Anniversary
816,C042,35,3,28-Feb-23,19:44:25,10-Mar-23,13:41:37,Ujjain,Holi
820,C033,64,3,22-Aug-23,05:51:43,26-Aug-23,04:52:23,Hapur,Raksha Bandhan
823,C087,64,3,27-Aug-23,15:23:25,01-Sep-23,14:52:40,Alappuzha,Raksha Bandhan
828,C044,8,3,24-Oct-23,16:47:01,01-Nov-23,22:18:58,Gwalior,Anniversary
833,C002,26,3,05-Mar-23,00:40:48,13-Mar-23,01:40:17,Shahjahanpur,Holi
838,C003,19,3,09-Feb-23,10:18:01,17-Feb-23,06:09:40,Sirsa,Valentine's Day
851,C030,13,3,06-Mar-23,11:31:57,10-Mar-23,18:17:54,Singrauli,Holi
853,C050,51,3,17-Sep-23,21:14:53,23-Sep-23,14:27:28,Jorhat,All Occasions
854,C016,62,3,27-Feb-23,02:00:33,02-Mar-23,02:51:29,Bhind,Holi
863,C099,20,3,05-Jun-23,09:28:04,15-Jun-23,03:13:05,Jehanabad,Anniversary
884,C091,10,3,18-Mar-23,22:15:44,27-Mar-23,18:59:55,Tezpur,Birthday
886,C045,53,3,21-Aug-23,08:23:02,25-Aug-23,19:52:35,Nanded,Raksha Bandhan
887,C091,51,3,29-Jun-23,17:20:29,30-Jun-23,09:55:50,Visakhapatnam,All Occasions
888,C014,69,3,06-Mar-23,11:34:43,11-Mar-23,15:14:09,Gandhinagar,Holi
889,C050,36,3,16-Aug-23,23:06:44,18-Aug-23,10:05:02,Bangalore,Birthday
893,C010,63,3,28-Mar-23,15:40:42,07-Apr-23,14:49:23,Sangli-Miraj & Kupwad,All Occasions
900,C027,57,3,07-Apr-23,15:09:00,15-Apr-23,08:30:53,Sagar,Birthday
906,C100,49,3,06-Feb-23,01:16:20,16-Feb-23,09:14:48,Jalandhar,Valentine's Day
917,C052,12,3,24-Jan-23,05:56:54,29-Jan-23,11:04:23,Bareilly,Anniversary
928,C012,23,3,19-Nov-23,11:06:24,27-Nov-23,10:16:12,Bihar Sharif,Anniversary
930,C083,61,3,03-Jun-23,15:52:31,07-Jun-23,19:41:15,Gangtok,Anniversary
933,C038,51,3,14-Nov-23,12:17:01,23-Nov-23,02:50:02,Muzaffarnagar,All Occasions
938,C005,59,3,29-Aug-23,18:12:49,08-Sep-23,01:17:33,Ratlam,Raksha Bandhan
947,C100,38,3,06-Oct-23,19:16:19,08-Oct-23,23:24:47,Nadiad,Birthday
948,C061,26,3,04-Mar-23,18:21:51,07-Mar-23,13:11:26,Dehradun,Holi
950,C014,39,3,16-Oct-23,19:31:00,18-Oct-23,21:09:20,Tiruchirappalli,All Occasions
954,C063,44,3,02-Nov-23,04:01:43,03-Nov-23,18:21:01,Ballia,Diwali
958,C009,16,3,07-Mar-23,14:02:57,14-Mar-23,22:04:41,Bihar Sharif,Holi
960,C032,48,3,05-Nov-23,05:25:49,08-Nov-23,09:56:17,Nadiad,Diwali
973,C031,66,3,26-Feb-23,10:35:55,07-Mar-23,03:46:24,Barasat,Holi
987,C018,65,3,20-Dec-23,09:13:17,25-Dec-23,04:10:09,Bulandshahr,All Occasions
988,C020,4,3,10-Nov-23,09:47:17,15-Nov-23,10:29:19,Mau,Diwali
989,C017,52,3,06-Feb-23,08:11:27,15-Feb-23,02:00:04,Bidhannagar,Valentine's Day
992,C091,43,3,02-Nov-23,14:09:04,03-Nov-23,19:32:39,Chittoor,Diwali
14,C042,60,1,08-Nov-23,03:46:06,15-Nov-23,12:08:02,Bilaspur,Diwali
20,C011,52,1,11-Feb-23,14:36:57,14-Feb-23,01:34:16,Madurai,Valentine's Day
21,C090,32,1,09-Feb-23,11:20:52,12-Feb-23,11:36:26,Bathinda,Birthday
22,C054,43,1,09-Nov-23,01:05:28,14-Nov-23,09:49:47,Tenali,Diwali
36,C029,66,1,04-Mar-23,10:28:53,14-Mar-23,08:14:49,New Delhi,Holi
42,C080,35,1,26-Feb-23,00:08:38,07-Mar-23,17:18:28,Faridabad,Holi
44,C006,14,1,17-Jul-23,21:57:56,27-Jul-23,10:48:09,Bhavnagar,Birthday
49,C020,43,1,11-Nov-23,17:44:30,18-Nov-23,13:49:52,Nangloi Jat,Diwali
51,C036,10,1,15-Mar-23,09:23:49,19-Mar-23,16:46:40,Agartala,Birthday
52,C023,9,1,29-Aug-23,19:55:22,07-Sep-23,04:22:02,Hospet,Raksha Bandhan
54,C059,30,1,13-Apr-23,09:55:01,23-Apr-23,14:30:59,Ratlam,Anniversary
55,C040,5,1,08-Feb-23,08:01:07,13-Feb-23,07:42:58,Kottayam,All Occasions
58,C077,36,1,06-Jan-23,02:51:30,15-Jan-23,08:26:18,Amravati,Birthday
64,C015,25,1,12-Jun-23,02:48:39,15-Jun-23,22:05:41,Chittoor,Anniversary
70,C037,17,1,28-Sep-23,04:21:09,03-Oct-23,11:44:33,Vijayanagaram,Anniversary
73,C057,26,1,03-Mar-23,12:52:36,11-Mar-23,01:28:36,Farrukhabad,Holi
76,C054,4,1,09-Nov-23,05:13:11,12-Nov-23,00:34:50,Anand,Diwali
84,C032,47,1,04-Mar-23,03:31:50,06-Mar-23,07:02:20,Tirupati,Holi
97,C041,41,1,03-Nov-23,20:11:32,08-Nov-23,01:35:25,Bhavnagar,Diwali
98,C031,8,1,30-Oct-23,15:26:00,01-Nov-23,16:34:28,Bulandshahr,Anniversary
115,C095,57,1,28-Apr-23,18:11:22,05-May-23,11:36:31,Jhansi,Birthday
118,C035,62,1,27-Feb-23,14:30:59,05-Mar-23,10:32:52,Bhavnagar,Holi
120,C050,61,1,25-Dec-23,22:26:37,31-Dec-23,09:57:24,Kalyan-Dombivli,Anniversary
123,C026,38,1,15-Jan-23,00:31:09,25-Jan-23,04:58:43,Malegaon,Birthday
136,C036,56,1,05-Sep-23,16:08:59,09-Sep-23,22:12:18,Guna,Anniversary
140,C015,47,1,04-Mar-23,06:19:35,13-Mar-23,21:29:35,Bharatpur,Holi
151,C051,43,1,03-Nov-23,21:42:26,10-Nov-23,03:56:02,Jalna,Diwali
175,C042,31,1,13-Oct-23,01:17:47,20-Oct-23,07:22:52,Navi Mumbai,All Occasions
178,C097,61,1,14-Nov-23,23:04:31,16-Nov-23,02:14:23,Bhilai,Anniversary
182,C070,2,1,08-Feb-23,23:21:30,15-Feb-23,06:07:33,Chennai,Valentine's Day
185,C068,18,1,07-May-23,07:10:45,17-May-23,20:00:43,Raurkela Industrial Township,Birthday
186,C048,61,1,09-May-23,09:09:44,11-May-23,00:16:23,Kollam,Anniversary
189,C016,57,1,19-Nov-23,17:22:19,22-Nov-23,13:21:54,Srikakulam,Birthday
215,C098,17,1,21-May-23,03:54:26,24-May-23,12:37:34,Katni,Anniversary
216,C004,23,1,03-Oct-23,15:46:35,08-Oct-23,20:46:28,Bhatpara,Anniversary
224,C028,34,1,24-Aug-23,21:01:58,29-Aug-23,02:06:40,Suryapet,Raksha Bandhan
228,C035,36,1,10-Mar-23,18:40:52,11-Mar-23,10:30:00,Bijapur,Birthday
234,C097,42,1,24-Mar-23,21:18:12,01-Apr-23,00:36:53,Khandwa,All Occasions
237,C024,55,1,26-Aug-23,09:23:53,30-Aug-23,08:19:20,Sasaram,Raksha Bandhan
242,C012,21,1,23-Aug-23,10:24:46,31-Aug-23,16:02:32,Amroha,Raksha Bandhan
243,C043,3,1,05-Feb-23,20:50:37,10-Feb-23,12:30:54,Siwan,Valentine's Day
259,C001,62,1,05-Mar-23,15:21:54,10-Mar-23,00:04:01,Sirsa,Holi
265,C060,58,1,10-Feb-23,21:17:18,18-Feb-23,06:28:33,Gudivada,Valentine's Day
266,C038,36,1,12-May-23,13:46:56,13-May-23,19:20:09,Sonipat,Birthday
268,C053,38,1,14-Aug-23,07:45:59,23-Aug-23,16:53:30,Katni,Birthday
269,C024,36,1,25-Oct-23,01:12:12,26-Oct-23,17:58:13,Raebareli,Birthday
272,C016,12,1,08-Apr-23,09:40:05,18-Apr-23,20:13:56,Kumbakonam,Anniversary
275,C028,29,1,02-Mar-23,04:13:47,05-Mar-23,01:17:39,Ranchi,Holi
284,C057,17,1,10-Aug-23,16:13:04,16-Aug-23,11:21:57,Aurangabad,Anniversary
292,C053,54,1,27-Sep-23,22:43:35,03-Oct-23,01:44:47,Howrah,Anniversary
295,C079,18,1,29-May-23,15:54:09,02-Jun-23,10:06:42,Tadepalligudem,Birthday
298,C057,3,1,11-Feb-23,23:06:29,12-Feb-23,02:17:43,Bahraich,Valentine's Day
300,C032,22,1,29-Aug-23,19:20:05,08-Sep-23,18:25:16,Tinsukia,All Occasions
303,C051,14,1,20-Nov-23,06:42:57,29-Nov-23,07:08:02,Narasaraopet,Birthday
305,C003,26,1,02-Mar-23,00:10:44,10-Mar-23,14:01:05,Lucknow,Holi
307,C042,3,1,04-Feb-23,21:37:54,08-Feb-23,11:28:10,Durgapur,Valentine's Day
308,C005,57,1,09-Mar-23,07:54:11,12-Mar-23,12:11:24,Haldia,Birthday
312,C044,9,1,22-Aug-23,18:27:36,27-Aug-23,06:01:14,Akola,Raksha Bandhan
319,C044,64,1,20-Aug-23,06:23:07,26-Aug-23,22:44:23,Bikaner,Raksha Bandhan
320,C007,13,1,01-Mar-23,07:49:55,08-Mar-23,08:38:21,Bijapur,Holi
322,C056,15,1,11-Apr-23,08:32:11,15-Apr-23,03:30:27,Udaipur,Anniversary
327,C048,51,1,24-Sep-23,09:29:05,26-Sep-23,20:09:05,Muzaffarnagar,All Occasions
334,C066,53,1,28-Aug-23,21:19:46,01-Sep-23,22:03:03,Patiala,Raksha Bandhan
336,C069,53,1,20-Aug-23,04:32:24,25-Aug-23,19:54:17,Tiruchirappalli,Raksha Bandhan
339,C083,8,1,20-Sep-23,20:07:19,29-Sep-23,10:50:19,Sirsa,Anniversary
346,C090,50,1,04-Mar-23,23:24:17,12-Mar-23,16:46:34,Pondicherry,Holi
351,C099,1,1,16-Jan-23,15:11:07,25-Jan-23,22:29:59,Bhilai,All Occasions
352,C080,28,1,23-Aug-23,23:49:45,02-Sep-23,09:14:52,Bellary,Raksha Bandhan
355,C099,10,1,24-Dec-23,04:52:44,02-Jan-24,09:38:33,Satara,Birthday
356,C028,14,1,08-Jul-23,00:41:40,09-Jul-23,04:31:42,Panvel,Birthday
358,C040,55,1,20-Aug-23,16:53:29,25-Aug-23,13:30:37,Secunderabad,Raksha Bandhan
360,C099,41,1,06-Nov-23,03:11:57,09-Nov-23,17:45:31,Belgaum,Diwali
374,C087,4,1,07-Nov-23,07:47:32,09-Nov-23,22:32:44,Guna,Diwali
375,C091,46,1,11-Feb-23,04:16:25,20-Feb-23,19:37:38,Mysore,Anniversary
379,C078,66,1,03-Mar-23,23:31:41,06-Mar-23,10:44:03,Bhavnagar,Holi
382,C003,24,1,03-Jun-23,10:02:19,13-Jun-23,21:53:48,Kamarhati,Birthday
383,C016,37,1,06-Nov-23,00:16:45,08-Nov-23,20:09:52,Panchkula,Diwali
398,C080,54,1,05-May-23,08:45:21,15-May-23,10:01:43,Dehradun,Anniversary
399,C008,68,1,08-Feb-23,06:21:47,15-Feb-23,07:08:14,Bareilly,Valentine's Day
402,C037,29,1,05-Mar-23,16:42:29,08-Mar-23,13:32:50,Thrissur,Holi
403,C075,57,1,06-Jan-23,11:45:28,16-Jan-23,20:13:26,Chapra,Birthday
405,C033,49,1,10-Feb-23,23:05:14,18-Feb-23,14:47:38,Guwahati,Valentine's Day
410,C025,24,1,01-Jan-23,20:20:49,02-Jan-23,05:57:06,Surendranagar Dudhrej,Birthday
411,C006,48,1,05-Nov-23,16:31:34,08-Nov-23,07:21:26,Nadiad,Diwali
423,C067,19,1,11-Feb-23,16:46:58,17-Feb-23,00:10:05,Alappuzha,Valentine's Day
425,C071,56,1,30-Sep-23,00:02:06,09-Oct-23,22:59:28,North Dumdum,Anniversary
436,C058,8,1,27-Jan-23,06:08:00,03-Feb-23,08:15:49,Salem,Anniversary
437,C010,55,1,24-Aug-23,06:30:47,27-Aug-23,22:56:38,Uluberia,Raksha Bandhan
448,C086,16,1,02-Mar-23,02:42:54,03-Mar-23,13:42:24,Bulandshahr,Holi
466,C053,23,1,03-Oct-23,13:58:22,11-Oct-23,09:59:41,Bally,Anniversary
467,C056,53,1,28-Aug-23,14:18:44,02-Sep-23,15:20:11,Gandhidham,Raksha Bandhan
472,C015,56,1,24-Dec-23,07:32:38,30-Dec-23,22:46:18,Khammam,Anniversary
479,C071,11,1,07-Feb-23,17:48:21,11-Feb-23,10:48:13,Ghaziabad,Valentine's Day
486,C030,24,1,25-Jul-23,14:34:30,30-Jul-23,16:58:35,Ambattur,Birthday
487,C053,51,1,05-Jan-23,16:46:57,09-Jan-23,04:28:18,Sasaram,All Occasions
489,C072,10,1,28-Aug-23,22:26:56,02-Sep-23,04:30:46,Kirari Suleman Nagar,Birthday
490,C075,2,1,12-Feb-23,12:28:03,14-Feb-23,12:27:19,Eluru,Valentine's Day
491,C095,30,1,24-Oct-23,06:14:34,02-Nov-23,22:59:20,Muzaffarnagar,Anniversary
493,C035,11,1,05-Feb-23,22:11:24,06-Feb-23,15:43:11,Gopalpur,Valentine's Day
495,C007,20,1,28-Aug-23,17:42:29,29-Aug-23,22:51:31,Pimpri-Chinchwad,Anniversary
499,C031,59,1,27-Aug-23,12:09:20,02-Sep-23,10:03:32,Ichalkaranji,Raksha Bandhan
503,C020,34,1,29-Aug-23,20:45:45,06-Sep-23,07:49:54,Dehri,Raksha Bandhan
504,C058,25,1,14-Jul-23,13:04:42,24-Jul-23,05:20:36,Meerut,Anniversary
508,C035,69,1,26-Feb-23,17:29:28,04-Mar-23,07:11:06,Varanasi,Holi
512,C008,41,1,05-Nov-23,02:42:41,11-Nov-23,13:10:40,Ranchi,Diwali
514,C090,24,1,01-Jan-23,09:56:10,09-Jan-23,17:56:52,Allahabad,Birthday
524,C084,45,1,15-Aug-23,13:54:54,22-Aug-23,12:29:47,Jalandhar,Birthday
549,C021,64,1,22-Aug-23,19:29:43,01-Sep-23,02:29:10,Erode,Raksha Bandhan
551,C088,67,1,19-Apr-23,20:43:42,23-Apr-23,15:25:04,Kurnool,Anniversary
556,C073,17,1,13-Dec-23,15:34:22,21-Dec-23,15:49:48,Cuttack,Anniversary
559,C084,45,1,19-Dec-23,16:37:11,26-Dec-23,18:35:43,Mau,Birthday
564,C007,40,1,07-Apr-23,00:40:20,15-Apr-23,06:06:57,Gandhinagar,Anniversary
567,C090,66,1,06-Mar-23,06:11:59,15-Mar-23,18:57:04,Unnao,Holi
568,C056,10,1,29-Jun-23,20:55:39,08-Jul-23,13:16:14,Bhubaneswar,Birthday
571,C046,6,1,28-Feb-23,09:38:25,09-Mar-23,04:26:01,Bhatpara,Holi
587,C018,43,1,02-Nov-23,00:51:24,03-Nov-23,10:41:06,Panchkula,Diwali
596,C046,50,1,05-Mar-23,14:57:41,14-Mar-23,17:58:44,Tiruppur,Holi
597,C074,16,1,01-Mar-23,01:05:53,06-Mar-23,02:49:44,Pimpri-Chinchwad,Holi
599,C004,34,1,21-Aug-23,19:32:24,24-Aug-23,12:13:52,Naihati,Raksha Bandhan
612,C075,26,1,02-Mar-23,10:22:25,08-Mar-23,12:39:50,Shivpuri,Holi
614,C089,26,1,03-Mar-23,15:36:13,07-Mar-23,18:51:41,Aizawl,Holi
617,C083,22,1,19-Feb-23,02:53:42,28-Feb-23,17:01:34,Uluberia,All Occasions
619,C091,35,1,06-Mar-23,07:18:46,16-Mar-23,03:17:33,Patiala,Holi
632,C075,51,1,11-Jul-23,22:35:01,12-Jul-23,11:32:50,Adoni,All Occasions
635,C095,67,1,12-Nov-23,18:37:11,22-Nov-23,07:23:32,Navi Mumbai,Anniversary
638,C060,39,1,23-Apr-23,02:13:33,27-Apr-23,02:51:20,Mira-Bhayandar,All Occasions
639,C098,24,1,26-May-23,02:36:31,31-May-23,03:18:25,Amaravati,Birthday
644,C050,67,1,01-Sep-23,14:54:36,11-Sep-23,11:21:18,Parbhani,Anniversary
655,C015,17,1,08-Nov-23,21:19:04,17-Nov-23,18:57:37,Jalna,Anniversary
680,C018,56,1,02-Dec-23,22:20:31,08-Dec-23,02:33:10,Avadi,Anniversary
685,C054,22,1,01-Sep-23,21:04:40,11-Sep-23,08:30:45,Sikar,All Occasions
686,C026,50,1,01-Mar-23,16:29:38,11-Mar-23,21:37:59,Bardhaman,Holi
697,C026,66,1,03-Mar-23,14:20:25,07-Mar-23,15:14:20,Ichalkaranji,Holi
700,C006,6,1,04-Mar-23,18:17:57,09-Mar-23,13:43:07,Gwalior,Holi
702,C067,60,1,10-Nov-23,08:44:24,18-Nov-23,06:26:10,Giridih,Diwali
705,C004,7,1,05-Mar-23,18:18:01,14-Mar-23,17:57:09,Pimpri-Chinchwad,Holi
718,C028,49,1,09-Feb-23,05:13:35,13-Feb-23,06:22:05,Jabalpur,Valentine's Day
724,C059,51,1,08-Apr-23,23:02:18,16-Apr-23,08:00:19,Pallavaram,All Occasions
729,C030,17,1,23-Feb-23,18:19:53,25-Feb-23,11:51:19,Kollam,Anniversary
730,C097,59,1,22-Aug-23,02:04:03,25-Aug-23,22:39:30,Sangli-Miraj & Kupwad,Raksha Bandhan
735,C037,56,1,02-Feb-23,07:22:26,04-Feb-23,05:57:58,Nandyal,Anniversary
745,C052,44,1,07-Nov-23,09:12:26,09-Nov-23,00:30:04,Kolkata,Diwali
748,C079,26,1,06-Mar-23,11:13:52,07-Mar-23,20:26:40,Tenali,Holi
753,C045,60,1,06-Nov-23,06:55:38,12-Nov-23,04:49:01,Tinsukia,Diwali
760,C043,18,1,19-Sep-23,02:28:05,21-Sep-23,13:29:38,Ghaziabad,Birthday
762,C064,50,1,26-Feb-23,10:11:19,01-Mar-23,03:56:20,Bangalore,Holi
768,C087,1,1,11-Nov-23,18:37:41,16-Nov-23,12:19:42,Howrah,All Occasions
775,C077,45,1,19-Feb-23,03:48:10,24-Feb-23,23:31:47,Anand,Birthday
776,C051,43,1,09-Nov-23,07:28:54,12-Nov-23,21:39:04,Alwar,Diwali
779,C052,3,1,06-Feb-23,06:26:37,08-Feb-23,02:51:51,Durgapur,Valentine's Day
786,C003,47,1,05-Mar-23,22:47:05,07-Mar-23,07:16:53,Kirari Suleman Nagar,Holi
787,C069,9,1,25-Aug-23,21:42:12,27-Aug-23,14:10:59,Ambarnath,Raksha Bandhan
795,C070,7,1,03-Mar-23,17:58:36,07-Mar-23,22:17:46,Ujjain,Holi
801,C058,35,1,07-Mar-23,19:15:48,15-Mar-23,06:35:12,Dindigul,Holi
803,C040,26,1,03-Mar-23,12:03:48,10-Mar-23,02:50:05,Sambalpur,Holi
809,C062,35,1,07-Mar-23,19:50:47,17-Mar-23,01:51:34,Ludhiana,Holi
827,C086,9,1,29-Aug-23,22:10:46,30-Aug-23,00:51:55,Surendranagar Dudhrej,Raksha Bandhan
843,C007,68,1,11-Feb-23,21:46:03,12-Feb-23,19:27:09,Bikaner,Valentine's Day
844,C067,51,1,09-Oct-23,19:12:55,10-Oct-23,09:48:27,Satara,All Occasions
848,C005,6,1,06-Mar-23,16:52:57,10-Mar-23,22:26:48,Shimla,Holi
849,C013,57,1,12-Mar-23,01:16:48,14-Mar-23,00:50:03,Panipat,Birthday
857,C053,63,1,09-Feb-23,09:22:18,18-Feb-23,14:00:44,Bareilly,All Occasions
859,C047,43,1,10-Nov-23,07:06:21,15-Nov-23,01:46:27,Varanasi,Diwali
860,C064,14,1,10-Jan-23,19:29:59,13-Jan-23,13:30:30,Adoni,Birthday
861,C030,32,1,09-Feb-23,08:19:31,14-Feb-23,02:37:34,Bidar,Birthday
864,C033,11,1,11-Feb-23,19:34:22,15-Feb-23,08:05:38,Lucknow,Valentine's Day
865,C032,19,1,12-Feb-23,18:09:14,13-Feb-23,06:38:00,Kumbakonam,Valentine's Day
867,C014,48,1,02-Nov-23,12:22:06,04-Nov-23,05:08:47,Hajipur,Diwali
868,C099,32,1,22-Aug-23,01:01:17,30-Aug-23,10:09:12,Anand,Birthday
871,C062,15,1,11-Jun-23,06:05:30,15-Jun-23,20:56:56,Secunderabad,Anniversary
874,C010,68,1,11-Feb-23,12:42:30,21-Feb-23,17:35:44,Ramagundam,Valentine's Day
875,C011,13,1,05-Mar-23,21:22:31,14-Mar-23,19:57:46,Purnia,Holi
895,C066,45,1,28-Mar-23,18:45:56,06-Apr-23,02:53:40,Sambhal,Birthday
896,C053,46,1,05-Apr-23,04:13:55,10-Apr-23,12:50:15,Haldia,Anniversary
898,C018,52,1,09-Feb-23,06:18:52,13-Feb-23,23:13:42,Kadapa,Valentine's Day
899,C011,63,1,17-Dec-23,21:29:55,24-Dec-23,00:16:41,Bijapur,All Occasions
905,C080,58,1,10-Feb-23,19:31:35,16-Feb-23,08:32:14,Ichalkaranji,Valentine's Day
909,C084,42,1,04-Nov-23,07:43:51,08-Nov-23,22:25:25,Hyderabad,All Occasions
915,C014,35,1,06-Mar-23,21:12:40,14-Mar-23,05:32:37,Uluberia,Holi
920,C026,45,1,29-Jun-23,20:23:05,08-Jul-23,23:41:37,Gorakhpur,Birthday
922,C009,23,1,14-Dec-23,09:16:24,18-Dec-23,08:03:37,Mahbubnagar,Anniversary
924,C013,17,1,25-Mar-23,09:47:09,04-Apr-23,22:56:05,Sagar,Anniversary
925,C012,31,1,08-Jan-23,00:55:51,12-Jan-23,06:39:07,Pallavaram,All Occasions
929,C085,23,1,19-Mar-23,07:00:52,26-Mar-23,13:02:32,Kavali,Anniversary
931,C053,14,1,17-Apr-23,19:48:12,19-Apr-23,10:25:35,Mahbubnagar,Birthday
942,C024,51,1,23-Dec-23,04:59:43,26-Dec-23,15:56:22,Surat,All Occasions
951,C024,20,1,23-Nov-23,15:34:09,25-Nov-23,19:03:34,Bongaigaon,Anniversary
953,C076,40,1,03-Sep-23,00:26:01,04-Sep-23,07:33:50,Varanasi,Anniversary
957,C038,23,1,15-Dec-23,01:56:38,17-Dec-23,21:07:55,Kanpur,Anniversary
959,C098,40,1,21-Dec-23,01:54:46,26-Dec-23,21:05:45,Raebareli,Anniversary
963,C025,29,1,03-Mar-23,08:44:19,06-Mar-23,10:36:46,Phagwara,Holi
965,C080,62,1,02-Mar-23,03:15:10,06-Mar-23,17:20:22,Amaravati,Holi
971,C027,47,1,02-Mar-23,04:02:13,10-Mar-23,19:17:36,Sultan Pur Majra,Holi
983,C094,70,1,25-Mar-23,09:39:44,01-Apr-23,06:38:43,Satna,Birthday
984,C058,65,1,03-Aug-23,22:31:02,07-Aug-23,16:39:11,Ballia,All Occasions
998,C046,44,1,06-Nov-23,16:17:11,14-Nov-23,04:33:25,Ballia,Diwali
2,C019,41,2,07-Nov-23,23:30:18,13-Nov-23,07:16:17,Jaipur,Diwali
5,C078,58,2,11-Feb-23,19:44:48,18-Feb-23,11:08:52,Rajkot,Valentine's Day
7,C009,45,2,08-May-23,01:45:13,13-May-23,10:07:17,Nanded,Birthday
17,C056,60,2,04-Nov-23,11:31:33,13-Nov-23,18:40:13,Kota,Diwali
27,C063,9,2,22-Aug-23,11:16:28,30-Aug-23,07:59:12,Raipur,Raksha Bandhan
34,C071,17,2,01-Oct-23,22:58:15,05-Oct-23,05:36:46,Tirupati,Anniversary
39,C054,43,2,02-Nov-23,19:25:58,04-Nov-23,13:28:42,Vellore,Diwali
60,C023,5,2,13-Dec-23,06:46:45,15-Dec-23,13:03:56,Darbhanga,All Occasions
61,C058,44,2,08-Nov-23,22:26:25,10-Nov-23,08:08:31,Panihati,Diwali
65,C033,54,2,01-Sep-23,13:02:28,11-Sep-23,06:33:52,Berhampur,Anniversary
67,C047,10,2,06-Jul-23,17:28:21,14-Jul-23,21:11:01,Thrissur,Birthday
75,C009,65,2,06-Apr-23,11:10:24,09-Apr-23,23:00:34,Bally,All Occasions
78,C062,11,2,04-Feb-23,13:00:09,08-Feb-23,20:31:15,Pallavaram,Valentine's Day
79,C010,40,2,01-Jun-23,17:29:30,11-Jun-23,07:34:53,Varanasi,Anniversary
85,C041,26,2,04-Mar-23,21:35:20,14-Mar-23,14:48:22,Agra,Holi
91,C061,6,2,27-Feb-23,13:52:56,05-Mar-23,13:23:25,Mahbubnagar,Holi
105,C063,36,2,11-Feb-23,02:57:36,21-Feb-23,01:34:10,Guna,Birthday
106,C095,41,2,06-Nov-23,17:55:46,08-Nov-23,23:00:28,Chinsurah,Diwali
110,C075,26,2,04-Mar-23,11:23:44,13-Mar-23,08:27:31,Kishanganj,Holi
125,C020,31,2,19-Mar-23,09:12:11,25-Mar-23,14:36:11,Kolkata,All Occasions
129,C051,67,2,17-Feb-23,05:21:30,20-Feb-23,08:17:32,Ramgarh,Anniversary
135,C087,30,2,13-Dec-23,10:20:09,14-Dec-23,15:43:20,Bokaro,Anniversary
137,C070,47,2,05-Mar-23,16:06:24,11-Mar-23,07:29:21,Warangal,Holi
142,C029,23,2,23-Oct-23,02:31:13,27-Oct-23,04:24:16,Bharatpur,Anniversary
143,C087,66,2,28-Feb-23,07:37:18,10-Mar-23,14:49:54,Ramagundam,Holi
152,C084,51,2,27-Feb-23,10:48:51,05-Mar-23,16:39:22,Tiruppur,All Occasions
156,C030,61,2,09-Feb-23,08:20:50,12-Feb-23,10:49:14,Ozhukarai,Anniversary
158,C007,35,2,03-Mar-23,15:40:17,08-Mar-23,02:53:01,Medininagar,Holi
168,C092,35,2,04-Mar-23,15:36:03,07-Mar-23,11:02:42,Bidar,Holi
169,C051,3,2,06-Feb-23,10:28:57,16-Feb-23,01:26:19,Shivpuri,Valentine's Day
170,C040,32,2,21-Mar-23,11:58:13,27-Mar-23,05:14:07,Kamarhati,Birthday
173,C072,58,2,07-Feb-23,23:15:37,13-Feb-23,01:51:53,Deoghar,Valentine's Day
176,C039,17,2,10-Mar-23,03:34:46,16-Mar-23,17:24:51,Moradabad,Anniversary
180,C058,55,2,24-Aug-23,16:40:33,27-Aug-23,08:45:14,Nellore,Raksha Bandhan
196,C063,30,2,05-Aug-23,09:37:50,13-Aug-23,08:58:06,Begusarai,Anniversary
197,C095,45,2,22-Mar-23,18:38:42,26-Mar-23,03:30:06,Etawah,Birthday
198,C090,24,2,27-Aug-23,22:33:37,04-Sep-23,01:09:50,Phagwara,Birthday
207,C078,6,2,05-Mar-23,01:13:16,07-Mar-23,12:15:56,Amravati,Holi
209,C071,70,2,22-Jun-23,00:44:32,23-Jun-23,21:44:32,Hajipur,Birthday
212,C093,7,2,28-Feb-23,07:14:40,05-Mar-23,20:01:45,Ozhukarai,Holi
223,C051,49,2,05-Feb-23,08:44:25,13-Feb-23,10:17:59,Bhalswa Jahangir Pur,Valentine's Day
226,C064,14,2,08-Sep-23,08:48:50,12-Sep-23,11:20:36,Hospet,Birthday
235,C071,56,2,26-Feb-23,14:26:46,03-Mar-23,23:26:23,Bhilai,Anniversary
241,C067,20,2,05-Sep-23,09:52:16,07-Sep-23,08:58:21,Indore,Anniversary
249,C003,14,2,10-Sep-23,22:22:16,19-Sep-23,23:17:36,Bareilly,Birthday
252,C040,69,2,26-Feb-23,05:41:28,28-Feb-23,08:11:16,Nandyal,Holi
253,C010,68,2,12-Feb-23,14:24:46,14-Feb-23,05:39:27,Bangalore,Valentine's Day
255,C092,45,2,27-Dec-23,03:42:35,06-Jan-24,09:23:14,Suryapet,Birthday
273,C047,10,2,22-Nov-23,16:12:35,24-Nov-23,01:52:48,Moradabad,Birthday
276,C065,15,2,28-May-23,01:34:06,01-Jun-23,07:05:33,Muzaffarpur,Anniversary
278,C044,1,2,20-Jun-23,23:33:52,24-Jun-23,05:42:44,Ballia,All Occasions
282,C092,41,2,11-Nov-23,10:20:49,19-Nov-23,22:11:40,Mangalore,Diwali
283,C086,23,2,23-Nov-23,02:51:34,30-Nov-23,18:21:40,Erode,Anniversary
288,C035,34,2,21-Aug-23,15:58:58,23-Aug-23,20:42:36,Ballia,Raksha Bandhan
291,C072,49,2,10-Feb-23,00:12:40,11-Feb-23,22:52:51,Nadiad,Valentine's Day
311,C051,39,2,02-Sep-23,09:26:47,12-Sep-23,17:51:43,Mehsana,All Occasions
313,C056,30,2,22-Jul-23,19:24:29,26-Jul-23,06:06:13,Thane,Anniversary
323,C013,23,2,09-Feb-23,18:13:04,10-Feb-23,10:22:35,Khora,Anniversary
324,C073,14,2,02-Feb-23,18:47:28,11-Feb-23,15:34:54,North Dumdum,Birthday
330,C059,59,2,24-Aug-23,20:25:09,01-Sep-23,12:26:20,Shahjahanpur,Raksha Bandhan
335,C013,17,2,06-Nov-23,02:09:35,08-Nov-23,02:23:24,Sri Ganganagar,Anniversary
341,C028,9,2,20-Aug-23,14:54:35,30-Aug-23,22:32:13,Ongole,Raksha Bandhan
347,C034,34,2,29-Aug-23,09:46:21,08-Sep-23,08:37:09,Shimoga,Raksha Bandhan
348,C060,30,2,28-Nov-23,20:33:37,07-Dec-23,12:02:59,Kalyan-Dombivli,Anniversary
353,C089,55,2,21-Aug-23,09:43:27,24-Aug-23,14:12:14,Korba,Raksha Bandhan
359,C052,47,2,28-Feb-23,12:13:36,05-Mar-23,20:31:30,Nagpur,Holi
362,C041,31,2,10-Mar-23,03:40:01,17-Mar-23,10:35:23,Nashik,All Occasions
363,C022,15,2,27-Nov-23,19:01:01,05-Dec-23,01:50:36,Bhavnagar,Anniversary
370,C073,54,2,09-Jul-23,05:57:39,13-Jul-23,19:01:40,Danapur,Anniversary
373,C026,65,2,07-Jun-23,20:49:11,10-Jun-23,23:57:40,North Dumdum,All Occasions
376,C097,10,2,14-May-23,20:18:32,19-May-23,23:48:02,Bulandshahr,Birthday
378,C040,6,2,01-Mar-23,11:30:20,08-Mar-23,19:26:52,Hindupur,Holi
387,C061,1,2,30-Apr-23,05:38:25,09-May-23,02:15:58,Ahmedabad,All Occasions
388,C066,36,2,10-Nov-23,00:15:10,18-Nov-23,10:37:06,Jalna,Birthday
389,C061,29,2,06-Mar-23,03:26:18,16-Mar-23,18:13:40,Mahbubnagar,Holi
392,C085,4,2,05-Nov-23,03:18:55,06-Nov-23,18:53:09,Gangtok,Diwali
395,C067,26,2,03-Mar-23,23:14:54,06-Mar-23,18:32:37,Hosur,Holi
408,C063,31,2,05-Mar-23,12:19:26,11-Mar-23,04:41:38,Haldia,All Occasions
412,C081,67,2,28-Oct-23,09:28:24,31-Oct-23,23:14:27,Maheshtala,Anniversary
422,C044,53,2,20-Aug-23,03:03:58,29-Aug-23,04:05:39,Eluru,Raksha Bandhan
426,C073,2,2,13-Feb-23,22:59:54,17-Feb-23,13:51:00,Kharagpur,Valentine's Day
428,C038,10,2,06-Dec-23,03:32:38,12-Dec-23,19:37:01,Khora,Birthday
430,C045,27,2,27-Aug-23,07:20:30,31-Aug-23,10:03:32,Rourkela,Raksha Bandhan
438,C037,34,2,26-Aug-23,09:27:17,27-Aug-23,03:18:31,Tadepalligudem,Raksha Bandhan
441,C052,26,2,26-Feb-23,11:23:56,06-Mar-23,16:38:50,Kurnool,Holi
453,C032,27,2,21-Aug-23,10:11:39,31-Aug-23,12:28:21,Varanasi,Raksha Bandhan
454,C088,3,2,07-Feb-23,23:26:49,09-Feb-23,01:21:56,Suryapet,Valentine's Day
455,C072,1,2,20-Oct-23,22:33:50,25-Oct-23,18:04:20,Eluru,All Occasions
456,C071,33,2,12-Feb-23,22:51:39,15-Feb-23,22:14:06,Nangloi Jat,Valentine's Day
458,C054,32,2,19-Jul-23,17:21:30,24-Jul-23,20:32:44,Ramgarh,Birthday
459,C093,12,2,29-Mar-23,07:24:55,30-Mar-23,07:34:31,Ranchi,Anniversary
460,C007,29,2,04-Mar-23,07:58:33,06-Mar-23,00:07:26,Kolhapur,Holi
468,C007,5,2,25-Jul-23,07:57:26,04-Aug-23,01:24:47,Rajahmundry,All Occasions
471,C092,23,2,31-Jan-23,12:09:01,10-Feb-23,05:50:06,Tirunelveli,Anniversary
475,C099,46,2,04-Dec-23,07:21:23,08-Dec-23,13:32:22,Jalgaon,Anniversary
476,C067,40,2,18-Sep-23,01:17:18,20-Sep-23,17:53:14,Moradabad,Anniversary
483,C007,59,2,28-Aug-23,06:25:03,31-Aug-23,05:06:02,Pallavaram,Raksha Bandhan
492,C047,33,2,04-Feb-23,13:54:25,13-Feb-23,12:04:33,Salem,Valentine's Day
497,C081,64,2,29-Aug-23,20:14:01,01-Sep-23,04:42:56,Alwar,Raksha Bandhan
500,C013,61,2,29-Jun-23,10:07:52,05-Jul-23,12:14:25,Bongaigaon,Anniversary
501,C066,46,2,02-Sep-23,16:27:41,08-Sep-23,07:33:36,Navi Mumbai,Anniversary
511,C055,47,2,27-Feb-23,12:58:05,04-Mar-23,00:46:11,Dibrugarh,Holi
516,C020,22,2,05-Jul-23,20:52:56,06-Jul-23,01:06:20,Gaya,All Occasions
525,C033,16,2,02-Mar-23,20:06:08,11-Mar-23,22:22:35,Bhagalpur,Holi
529,C013,64,2,25-Aug-23,15:47:28,28-Aug-23,14:05:18,Madurai,Raksha Bandhan
530,C008,5,2,19-Aug-23,10:45:21,27-Aug-23,00:23:56,Delhi,All Occasions
534,C061,31,2,27-Nov-23,03:40:16,04-Dec-23,11:22:37,Naihati,All Occasions
544,C030,29,2,01-Mar-23,02:31:54,11-Mar-23,09:33:52,Belgaum,Holi
548,C012,25,2,21-Feb-23,12:32:50,22-Feb-23,19:47:44,Gorakhpur,Anniversary
553,C084,39,2,22-Aug-23,01:22:41,26-Aug-23,07:43:27,Alwar,All Occasions
560,C019,39,2,04-Aug-23,12:52:20,09-Aug-23,09:50:53,Avadi,All Occasions
569,C027,53,2,28-Aug-23,14:00:43,04-Sep-23,17:56:22,Purnia,Raksha Bandhan
575,C076,49,2,06-Feb-23,13:24:32,09-Feb-23,14:55:08,Kota,Valentine's Day
579,C092,29,2,07-Mar-23,21:38:40,14-Mar-23,10:45:06,Maheshtala,Holi
581,C082,18,2,02-Jul-23,02:08:23,11-Jul-23,14:56:59,Anand,Birthday
584,C089,34,2,23-Aug-23,07:39:30,27-Aug-23,16:10:28,Eluru,Raksha Bandhan
590,C006,23,2,19-Jan-23,21:36:21,23-Jan-23,05:53:50,Durg,Anniversary
594,C060,20,2,26-May-23,21:26:03,01-Jun-23,04:59:28,Varanasi,Anniversary
605,C068,45,2,21-Dec-23,22:21:06,25-Dec-23,20:49:33,Kakinada,Birthday
611,C056,28,2,22-Aug-23,21:17:50,28-Aug-23,03:27:30,Latur,Raksha Bandhan
623,C045,37,2,08-Nov-23,13:37:50,18-Nov-23,14:25:39,Lucknow,Diwali
636,C067,53,2,25-Aug-23,07:18:26,02-Sep-23,03:33:45,Panipat,Raksha Bandhan
643,C063,35,2,26-Feb-23,13:10:24,06-Mar-23,20:24:10,Malda,Holi
652,C032,21,2,28-Aug-23,19:41:09,03-Sep-23,00:01:31,Phagwara,Raksha Bandhan
654,C019,64,2,29-Aug-23,04:53:15,02-Sep-23,00:41:13,Jhansi,Raksha Bandhan
656,C032,68,2,05-Feb-23,18:34:41,06-Feb-23,04:46:00,Dehri,Valentine's Day
661,C018,22,2,14-Jan-23,23:51:27,19-Jan-23,09:50:46,Guwahati,All Occasions
663,C094,15,2,11-Oct-23,14:47:08,12-Oct-23,22:32:05,Hosur,Anniversary
664,C023,24,2,18-Jan-23,11:54:34,28-Jan-23,20:22:08,Hajipur,Birthday
668,C009,55,2,21-Aug-23,10:09:53,30-Aug-23,16:32:49,Ajmer,Raksha Bandhan
674,C065,68,2,07-Feb-23,09:41:25,16-Feb-23,23:40:25,Chennai,Valentine's Day
679,C019,56,2,05-Oct-23,17:29:19,14-Oct-23,12:58:06,Durg,Anniversary
688,C015,54,2,28-Jan-23,19:02:07,30-Jan-23,13:51:22,Lucknow,Anniversary
690,C083,48,2,02-Nov-23,21:13:25,05-Nov-23,21:32:48,Jaunpur,Diwali
692,C035,15,2,11-Aug-23,07:04:55,18-Aug-23,06:44:37,Tiruppur,Anniversary
694,C018,23,2,15-Apr-23,19:26:27,21-Apr-23,16:58:51,Kozhikode,Anniversary
706,C091,67,2,26-Apr-23,05:35:11,04-May-23,13:13:10,Madurai,Anniversary
714,C053,63,2,01-Jun-23,19:28:09,03-Jun-23,07:54:01,Dhule,All Occasions
726,C044,34,2,21-Aug-23,19:10:31,31-Aug-23,18:54:28,Hindupur,Raksha Bandhan
728,C073,52,2,08-Feb-23,13:45:46,11-Feb-23,16:07:16,Panchkula,Valentine's Day
732,C087,1,2,16-Oct-23,16:47:12,21-Oct-23,18:56:15,Bongaigaon,All Occasions
743,C045,4,2,09-Nov-23,13:28:07,13-Nov-23,01:16:24,Tiruppur,Diwali
746,C051,35,2,02-Mar-23,05:23:29,06-Mar-23,06:24:41,Parbhani,Holi
749,C099,12,2,19-Jun-23,13:13:17,24-Jun-23,03:37:13,Nanded,Anniversary
754,C083,51,2,01-Nov-23,20:40:33,08-Nov-23,22:13:13,Pimpri-Chinchwad,All Occasions
765,C055,41,2,03-Nov-23,02:37:40,06-Nov-23,03:52:27,Ambala,Diwali
767,C077,13,2,03-Mar-23,02:21:13,04-Mar-23,00:14:53,Rohtak,Holi
769,C029,28,2,25-Aug-23,09:37:39,02-Sep-23,20:10:20,Ongole,Raksha Bandhan
771,C056,9,2,26-Aug-23,17:00:07,01-Sep-23,10:54:16,Vijayanagaram,Raksha Bandhan
780,C070,33,2,10-Feb-23,11:30:51,13-Feb-23,04:28:25,Bikaner,Valentine's Day
781,C084,40,2,27-Sep-23,15:26:58,05-Oct-23,19:39:28,Muzaffarnagar,Anniversary
784,C042,56,2,02-Jun-23,08:25:52,07-Jun-23,06:16:19,Bhalswa Jahangir Pur,Anniversary
790,C046,26,2,28-Feb-23,06:03:29,08-Mar-23,04:20:38,Chennai,Holi
791,C093,51,2,06-May-23,02:29:51,09-May-23,06:53:48,Bhubaneswar,All Occasions
792,C015,43,2,09-Nov-23,07:00:56,10-Nov-23,05:14:12,Munger,Diwali
797,C047,13,2,03-Mar-23,20:57:50,10-Mar-23,04:29:03,Tiruvottiyur,Holi
806,C088,29,2,28-Feb-23,13:01:22,08-Mar-23,06:38:58,Jhansi,Holi
808,C002,9,2,29-Aug-23,15:36:39,30-Aug-23,10:11:21,Raurkela Industrial Township,Raksha Bandhan
812,C058,40,2,12-Dec-23,17:19:49,14-Dec-23,01:28:32,Ongole,Anniversary
817,C066,21,2,28-Aug-23,05:37:00,01-Sep-23,22:05:03,Jalandhar,Raksha Bandhan
830,C007,46,2,12-Jan-23,19:18:53,15-Jan-23,05:04:21,Indore,Anniversary
835,C089,32,2,05-Jul-23,17:35:53,06-Jul-23,23:34:11,Cuttack,Birthday
840,C031,67,2,13-Jan-23,19:19:35,16-Jan-23,11:50:30,Tirunelveli,Anniversary
842,C085,46,2,29-Dec-23,17:11:33,01-Jan-24,02:27:46,Kulti,Anniversary
852,C035,44,2,11-Nov-23,09:41:46,14-Nov-23,14:15:30,Ozhukarai,Diwali
856,C077,21,2,27-Aug-23,17:40:11,02-Sep-23,16:16:50,Kanpur,Raksha Bandhan
872,C094,13,2,05-Mar-23,20:27:57,10-Mar-23,01:32:23,Bokaro,Holi
878,C057,4,2,10-Nov-23,16:36:59,19-Nov-23,16:45:34,Singrauli,Diwali
879,C092,33,2,07-Feb-23,05:34:34,10-Feb-23,11:27:38,Kishanganj,Valentine's Day
882,C089,64,2,29-Aug-23,05:32:40,08-Sep-23,16:14:53,Srikakulam,Raksha Bandhan
885,C084,42,2,17-Oct-23,19:52:58,21-Oct-23,18:46:10,Pudukkottai,All Occasions
891,C027,58,2,08-Feb-23,14:56:43,16-Feb-23,23:54:45,Shivpuri,Valentine's Day
903,C066,63,2,15-Sep-23,17:42:23,22-Sep-23,19:28:38,Bhusawal,All Occasions
907,C046,30,2,19-Apr-23,21:36:41,25-Apr-23,11:12:03,Burhanpur,Anniversary
916,C063,33,2,06-Feb-23,04:23:09,14-Feb-23,21:19:24,Darbhanga,Valentine's Day
918,C083,19,2,12-Feb-23,18:13:06,21-Feb-23,22:02:06,Pali,Valentine's Day
932,C038,63,2,29-Oct-23,16:32:30,02-Nov-23,22:17:11,Durgapur,All Occasions
937,C097,51,2,11-Mar-23,03:57:43,15-Mar-23,19:27:13,Rohtak,All Occasions
945,C038,18,2,30-Jul-23,12:00:02,06-Aug-23,12:44:49,Raebareli,Birthday
966,C061,13,2,01-Mar-23,02:21:06,10-Mar-23,10:22:53,Nellore,Holi
968,C002,9,2,25-Aug-23,23:55:22,01-Sep-23,20:24:11,Jaunpur,Raksha Bandhan
972,C026,30,2,30-Apr-23,01:34:34,02-May-23,05:27:14,Ujjain,Anniversary
975,C077,62,2,04-Mar-23,00:26:32,12-Mar-23,08:03:42,Sultan Pur Majra,Holi
976,C017,17,2,19-May-23,07:11:09,20-May-23,08:38:28,Raichur,Anniversary
977,C005,47,2,05-Mar-23,12:33:31,07-Mar-23,23:39:44,Rajpur Sonarpur,Holi
981,C014,46,2,02-Apr-23,20:01:08,03-Apr-23,20:21:37,Dehradun,Anniversary
986,C086,1,2,03-Nov-23,16:41:54,05-Nov-23,22:43:28,Bally,All Occasions
990,C021,42,2,04-Dec-23,22:20:00,08-Dec-23,23:57:55,Amritsar,All Occasions
994,C004,68,2,13-Feb-23,22:44:36,21-Feb-23,06:45:30,Chandigarh,Valentine's Day
995,C089,57,2,20-Jul-23,00:40:38,27-Jul-23,11:42:03,Muzaffarnagar,Birthday
997,C098,19,2,04-Feb-23,04:28:27,10-Feb-23,11:50:24,Vasai-Virar,Valentine's Day
999,C054,52,2,06-Feb-23,22:40:49,10-Feb-23,12:29:21,Miryalaguda,Valentine's Day
6,C040,28,4,20-Aug-23,22:11:35,26-Aug-23,19:06:46,Sirsa,Raksha Bandhan
9,C044,27,4,20-Aug-23,23:39:51,29-Aug-23,23:59:54,Rajkot,Raksha Bandhan
11,C065,16,4,02-Mar-23,20:14:55,03-Mar-23,23:19:47,Belgaum,Holi
18,C072,23,4,10-Dec-23,10:46:15,11-Dec-23,00:20:29,Moradabad,Anniversary
19,C072,62,4,07-Mar-23,07:59:48,08-Mar-23,03:04:34,Vijayanagaram,Holi
30,C044,23,4,13-Jan-23,09:23:33,15-Jan-23,13:36:58,Bulandshahr,Anniversary
40,C066,48,4,02-Nov-23,14:15:10,05-Nov-23,04:29:54,Raiganj,Diwali
41,C047,54,4,08-Jun-23,19:19:50,10-Jun-23,14:29:42,Saharsa,Anniversary
46,C059,22,4,18-Apr-23,03:21:11,23-Apr-23,08:02:45,Guna,All Occasions
48,C031,65,4,12-Nov-23,20:00:30,16-Nov-23,05:31:42,Delhi,All Occasions
50,C014,41,4,09-Nov-23,06:56:33,16-Nov-23,10:19:22,Jamalpur,Diwali
62,C074,6,4,02-Mar-23,15:30:51,06-Mar-23,23:51:40,Jorhat,Holi
68,C050,34,4,25-Aug-23,22:43:58,31-Aug-23,21:31:14,Ahmedabad,Raksha Bandhan
69,C091,12,4,02-Sep-23,19:21:41,08-Sep-23,09:30:02,Hyderabad,Anniversary
80,C008,39,4,02-Jan-23,11:07:02,11-Jan-23,02:05:50,Salem,All Occasions
83,C036,27,4,23-Aug-23,19:12:01,02-Sep-23,14:44:00,Asansol,Raksha Bandhan
86,C046,39,4,13-Sep-23,11:27:49,22-Sep-23,14:09:30,Sirsa,All Occasions
88,C008,15,4,22-Dec-23,10:02:31,01-Jan-24,12:17:55,Avadi,Anniversary
93,C047,24,4,01-May-23,17:50:59,03-May-23,18:35:56,Warangal,Birthday
95,C039,70,4,29-May-23,07:54:41,03-Jun-23,07:16:33,Narasaraopet,Birthday
101,C064,70,4,19-Jun-23,03:56:52,21-Jun-23,06:18:37,Belgaum,Birthday
108,C012,26,4,27-Feb-23,09:03:26,05-Mar-23,08:03:05,Berhampore,Holi
114,C009,40,4,03-Feb-23,16:03:15,07-Feb-23,02:22:48,Kirari Suleman Nagar,Anniversary
119,C010,6,4,04-Mar-23,11:02:10,12-Mar-23,12:22:18,Fatehpur,Holi
124,C030,67,4,21-Jul-23,08:44:55,23-Jul-23,05:23:44,Bhilwara,Anniversary
127,C051,60,4,02-Nov-23,14:04:38,03-Nov-23,19:25:01,Dhanbad,Diwali
132,C045,49,4,04-Feb-23,23:23:41,13-Feb-23,19:55:48,Thoothukudi,Valentine's Day
138,C022,57,4,11-Mar-23,09:33:56,18-Mar-23,06:02:40,Siliguri,Birthday
139,C055,54,4,11-May-23,04:14:45,16-May-23,18:12:44,Amritsar,Anniversary
141,C062,35,4,28-Feb-23,03:55:06,10-Mar-23,02:31:56,Allahabad,Holi
147,C080,8,4,17-Mar-23,19:28:15,23-Mar-23,13:51:11,Jodhpur,Anniversary
153,C094,16,4,04-Mar-23,12:15:00,10-Mar-23,06:04:43,Rewa,Holi
163,C083,54,4,17-Feb-23,19:50:10,25-Feb-23,10:20:16,Ujjain,Anniversary
167,C019,37,4,04-Nov-23,01:26:51,07-Nov-23,15:16:27,Nangloi Jat,Diwali
172,C070,62,4,03-Mar-23,04:40:04,08-Mar-23,05:12:47,Patiala,Holi
177,C085,62,4,05-Mar-23,01:49:12,07-Mar-23,14:50:42,Satara,Holi
181,C064,10,4,28-Aug-23,05:55:22,06-Sep-23,04:53:28,Howrah,Birthday
193,C038,42,4,16-Aug-23,23:44:29,19-Aug-23,02:34:02,Nanded,All Occasions
194,C030,58,4,08-Feb-23,11:41:29,09-Feb-23,04:54:30,Pondicherry,Valentine's Day
201,C004,55,4,24-Aug-23,04:40:14,30-Aug-23,03:52:28,Dewas,Raksha Bandhan
204,C062,10,4,03-Jul-23,10:46:43,09-Jul-23,06:29:03,Jaipur,Birthday
210,C095,32,4,10-Dec-23,00:46:32,15-Dec-23,08:02:35,Aligarh,Birthday
217,C042,53,4,27-Aug-23,03:04:34,30-Aug-23,16:42:19,Rajkot,Raksha Bandhan
218,C061,31,4,13-Jun-23,22:55:11,16-Jun-23,03:06:01,Gurgaon,All Occasions
221,C076,28,4,21-Aug-23,02:11:04,30-Aug-23,14:00:35,Naihati,Raksha Bandhan
227,C004,24,4,25-Dec-23,18:50:42,26-Dec-23,14:09:44,Surat,Birthday
233,C098,64,4,26-Aug-23,22:15:19,30-Aug-23,04:07:39,Nizamabad,Raksha Bandhan
238,C083,26,4,05-Mar-23,07:56:43,11-Mar-23,20:18:17,Jammu,Holi
247,C052,23,4,11-Oct-23,05:58:48,16-Oct-23,02:58:46,Gudivada,Anniversary
251,C051,7,4,28-Feb-23,00:31:48,02-Mar-23,00:19:44,Khora,Holi
263,C081,57,4,12-Mar-23,09:35:10,13-Mar-23,15:22:01,Chittoor,Birthday
279,C067,23,4,24-Nov-23,09:14:46,26-Nov-23,17:51:23,Chinsurah,Anniversary
289,C018,30,4,29-Aug-23,23:40:01,06-Sep-23,02:50:06,Imphal,Anniversary
293,C003,1,4,04-Sep-23,04:03:47,09-Sep-23,18:10:36,Tezpur,All Occasions
302,C071,25,4,24-Oct-23,13:53:05,25-Oct-23,17:13:25,Dhanbad,Anniversary
306,C085,49,4,04-Feb-23,11:35:51,12-Feb-23,06:38:00,Bellary,Valentine's Day
309,C071,60,4,10-Nov-23,06:38:43,13-Nov-23,05:14:33,Mangalore,Diwali
314,C029,43,4,05-Nov-23,11:48:41,15-Nov-23,04:55:25,Patiala,Diwali
345,C056,45,4,15-Sep-23,15:40:42,23-Sep-23,23:11:31,Bellary,Birthday
349,C017,44,4,11-Nov-23,03:32:37,12-Nov-23,10:31:13,Junagadh,Diwali
357,C063,62,4,03-Mar-23,20:01:18,13-Mar-23,20:55:34,Kavali,Holi
361,C049,47,4,03-Mar-23,06:09:56,11-Mar-23,08:33:10,Rajkot,Holi
371,C090,23,4,15-May-23,01:27:58,19-May-23,10:28:47,Davanagere,Anniversary
377,C013,55,4,26-Aug-23,08:34:06,31-Aug-23,11:47:09,Ghaziabad,Raksha Bandhan
380,C009,60,4,08-Nov-23,13:33:02,15-Nov-23,23:40:37,Bidhannagar,Diwali
385,C002,50,4,03-Mar-23,01:16:01,08-Mar-23,10:46:18,Alwar,Holi
386,C091,5,4,04-Jun-23,12:47:45,14-Jun-23,21:34:41,Jalandhar,All Occasions
390,C043,26,4,03-Mar-23,15:40:56,10-Mar-23,23:02:07,Akola,Holi
391,C083,22,4,29-Dec-23,13:44:06,07-Jan-24,12:58:41,Bareilly,All Occasions
406,C049,55,4,25-Aug-23,15:59:17,02-Sep-23,06:23:53,Srikakulam,Raksha Bandhan
409,C049,50,4,26-Feb-23,17:43:59,28-Feb-23,19:44:57,Khammam,Holi
414,C034,7,4,28-Feb-23,21:18:11,07-Mar-23,01:07:31,Raurkela Industrial Township,Holi
415,C065,14,4,08-Jun-23,20:08:30,10-Jun-23,01:20:56,Hajipur,Birthday
417,C004,62,4,07-Mar-23,22:40:40,11-Mar-23,05:56:33,Khammam,Holi
421,C066,38,4,08-Aug-23,20:16:30,12-Aug-23,19:04:00,Serampore,Birthday
424,C072,7,4,01-Mar-23,03:04:56,09-Mar-23,10:27:03,Kishanganj,Holi
431,C057,1,4,13-Dec-23,19:13:43,19-Dec-23,21:02:24,Varanasi,All Occasions
432,C092,12,4,05-Jan-23,12:09:27,13-Jan-23,19:40:38,Ballia,Anniversary
434,C020,51,4,28-Nov-23,07:23:06,29-Nov-23,19:43:32,Kirari Suleman Nagar,All Occasions
435,C017,53,4,22-Aug-23,17:27:30,27-Aug-23,12:35:14,Mira-Bhayandar,Raksha Bandhan
440,C018,13,4,07-Mar-23,09:33:31,09-Mar-23,01:21:29,Gudivada,Holi
447,C032,47,4,27-Feb-23,02:45:34,04-Mar-23,15:04:56,Bhilwara,Holi
449,C045,49,4,13-Feb-23,03:18:26,16-Feb-23,10:09:41,Ichalkaranji,Valentine's Day
461,C083,12,4,22-Jun-23,08:12:37,27-Jun-23,14:52:56,Srinagar,Anniversary
469,C051,42,4,15-Dec-23,07:06:00,19-Dec-23,12:56:49,Kamarhati,All Occasions
474,C051,1,4,07-Feb-23,06:31:59,14-Feb-23,02:00:07,Dibrugarh,All Occasions
477,C099,33,4,12-Feb-23,17:18:09,14-Feb-23,03:11:52,Gangtok,Valentine's Day
480,C059,62,4,06-Mar-23,04:29:31,16-Mar-23,22:19:33,Sagar,Holi
485,C029,43,4,06-Nov-23,19:20:24,14-Nov-23,19:27:14,Bhubaneswar,Diwali
488,C025,21,4,28-Aug-23,22:13:30,29-Aug-23,05:26:49,Nizamabad,Raksha Bandhan
494,C082,7,4,28-Feb-23,03:11:22,08-Mar-23,19:06:48,Rewa,Holi
496,C021,11,4,09-Feb-23,14:31:57,16-Feb-23,13:05:41,Sambhal,Valentine's Day
498,C100,19,4,13-Feb-23,21:34:44,20-Feb-23,21:14:24,Bhusawal,Valentine's Day
506,C058,55,4,27-Aug-23,08:52:04,02-Sep-23,11:43:24,Thrissur,Raksha Bandhan
507,C028,13,4,07-Mar-23,00:28:11,13-Mar-23,20:11:36,Malda,Holi
513,C088,1,4,27-Mar-23,09:57:32,02-Apr-23,13:56:41,Nandyal,All Occasions
519,C014,52,4,07-Feb-23,23:10:38,15-Feb-23,06:40:20,Hindupur,Valentine's Day
540,C082,22,4,06-Sep-23,19:07:35,09-Sep-23,01:26:00,Morbi,All Occasions
543,C023,51,4,12-Feb-23,21:51:10,17-Feb-23,11:53:09,Saharanpur,All Occasions
554,C045,29,4,28-Feb-23,20:25:07,03-Mar-23,16:49:01,Sangli-Miraj & Kupwad,Holi
555,C100,56,4,28-Jun-23,12:05:43,30-Jun-23,17:58:12,Ratlam,Anniversary
562,C066,24,4,09-Aug-23,09:18:20,16-Aug-23,01:34:07,Ranchi,Birthday
566,C054,42,4,12-May-23,12:48:03,14-May-23,20:36:32,Patna,All Occasions
576,C074,53,4,20-Aug-23,07:04:37,26-Aug-23,08:01:59,Aurangabad,Raksha Bandhan
577,C008,20,4,28-Oct-23,14:51:26,05-Nov-23,18:50:45,Hazaribagh,Anniversary
578,C008,18,4,31-Jul-23,18:27:40,06-Aug-23,16:43:25,Warangal,Birthday
580,C093,24,4,16-Jun-23,22:03:12,20-Jun-23,12:25:42,Bhatpara,Birthday
582,C019,3,4,04-Feb-23,18:30:31,05-Feb-23,19:16:41,Latur,Valentine's Day
583,C025,56,4,18-Sep-23,16:47:25,22-Sep-23,19:58:33,Hosur,Anniversary
595,C022,51,4,08-Nov-23,13:49:19,15-Nov-23,04:06:31,Dhanbad,All Occasions
600,C095,47,4,07-Mar-23,21:24:39,09-Mar-23,15:17:19,Shimla,Holi
601,C030,1,4,14-Mar-23,02:37:47,18-Mar-23,03:37:12,Raurkela Industrial Township,All Occasions
618,C073,60,4,05-Nov-23,16:09:13,15-Nov-23,17:21:36,Lucknow,Diwali
622,C084,4,4,08-Nov-23,14:13:32,09-Nov-23,15:59:02,Bhiwandi,Diwali
627,C024,51,4,05-Feb-23,04:30:25,08-Feb-23,23:38:12,Sirsa,All Occasions
631,C044,32,4,13-Apr-23,21:41:50,17-Apr-23,03:45:03,Gopalpur,Birthday
641,C063,15,4,18-May-23,23:59:56,26-May-23,19:14:55,South Dumdum,Anniversary
651,C017,11,4,13-Feb-23,02:16:28,19-Feb-23,11:55:54,Panihati,Valentine's Day
653,C076,17,4,29-Nov-23,13:38:07,01-Dec-23,05:52:11,Bhilwara,Anniversary
671,C059,31,4,03-Dec-23,06:54:18,07-Dec-23,23:16:19,Karnal,All Occasions
675,C052,13,4,28-Feb-23,08:04:46,09-Mar-23,23:52:12,Pali,Holi
676,C038,46,4,18-Feb-23,12:42:24,20-Feb-23,20:52:32,Kanpur,Anniversary
689,C046,66,4,02-Mar-23,05:52:42,07-Mar-23,11:00:27,Silchar,Holi
695,C046,23,4,05-Mar-23,16:36:52,14-Mar-23,17:01:44,Imphal,Anniversary
699,C011,1,4,02-Jun-23,12:14:44,09-Jun-23,23:09:03,Chittoor,All Occasions
703,C070,53,4,23-Aug-23,16:19:39,01-Sep-23,06:12:05,Khammam,Raksha Bandhan
704,C061,55,4,29-Aug-23,02:27:10,30-Aug-23,13:36:34,Jalgaon,Raksha Bandhan
707,C036,70,4,03-Feb-23,06:17:26,12-Feb-23,01:04:19,Tirunelveli,Birthday
715,C069,38,4,14-Apr-23,05:16:43,21-Apr-23,16:39:31,Tenali,Birthday
740,C004,56,4,07-Nov-23,16:11:58,12-Nov-23,10:07:51,Silchar,Anniversary
744,C023,45,4,13-Oct-23,17:53:21,14-Oct-23,08:02:05,Junagadh,Birthday
747,C009,6,4,06-Mar-23,03:43:24,11-Mar-23,16:38:35,Dhanbad,Holi
756,C034,51,4,29-Jul-23,18:25:27,03-Aug-23,09:56:02,Buxar,All Occasions
763,C070,29,4,02-Mar-23,15:22:09,04-Mar-23,04:30:07,Nellore,Holi
766,C077,1,4,02-Jul-23,16:28:53,07-Jul-23,00:19:44,Hospet,All Occasions
773,C031,39,4,07-Jan-23,02:11:24,13-Jan-23,23:47:54,Karaikudi,All Occasions
778,C033,61,4,10-May-23,03:58:40,13-May-23,11:57:17,Raebareli,Anniversary
782,C087,22,4,18-Apr-23,05:41:20,26-Apr-23,19:25:29,Shimoga,All Occasions
789,C048,58,4,08-Feb-23,18:19:36,15-Feb-23,08:00:31,Bally,Valentine's Day
794,C079,13,4,04-Mar-23,17:11:58,09-Mar-23,14:51:06,Shimoga,Holi
796,C002,61,4,05-May-23,07:53:26,14-May-23,08:08:25,Rajkot,Anniversary
807,C006,40,4,29-Nov-23,16:20:19,09-Dec-23,03:09:57,Bhopal,Anniversary
813,C094,32,4,19-Jan-23,08:53:43,23-Jan-23,22:01:01,Bhind,Birthday
818,C004,8,4,02-Mar-23,07:51:06,09-Mar-23,09:07:41,Thrissur,Anniversary
821,C050,32,4,27-Feb-23,20:15:31,07-Mar-23,22:46:00,Bareilly,Birthday
824,C097,46,4,06-May-23,07:56:11,07-May-23,15:23:52,Muzaffarpur,Anniversary
829,C020,42,4,19-Dec-23,18:35:41,26-Dec-23,10:18:04,Visakhapatnam,All Occasions
832,C026,65,4,01-Feb-23,18:56:24,10-Feb-23,02:19:29,Etawah,All Occasions
839,C072,51,4,02-Nov-23,03:51:23,12-Nov-23,01:49:51,Udupi,All Occasions
846,C069,15,4,28-Nov-23,02:47:39,02-Dec-23,06:56:03,Bhalswa Jahangir Pur,Anniversary
847,C009,44,4,07-Nov-23,18:10:17,12-Nov-23,10:21:36,Bareilly,Diwali
850,C092,21,4,23-Aug-23,23:15:17,25-Aug-23,10:31:01,Darbhanga,Raksha Bandhan
858,C046,44,4,08-Nov-23,01:51:48,09-Nov-23,16:01:24,Saharanpur,Diwali
862,C049,6,4,07-Mar-23,05:51:14,15-Mar-23,08:23:47,Shimoga,Holi
873,C027,64,4,26-Aug-23,10:57:00,05-Sep-23,15:45:27,Nandyal,Raksha Bandhan
876,C016,4,4,06-Nov-23,09:38:36,14-Nov-23,20:47:44,Jaunpur,Diwali
881,C015,28,4,21-Aug-23,15:17:42,28-Aug-23,12:59:45,New Delhi,Raksha Bandhan
883,C041,36,4,16-Jul-23,19:44:04,17-Jul-23,21:03:02,Shahjahanpur,Birthday
890,C064,45,4,23-Mar-23,23:25:20,27-Mar-23,11:38:15,Kharagpur,Birthday
892,C025,11,4,06-Feb-23,18:33:04,07-Feb-23,01:26:54,Thrissur,Valentine's Day
894,C092,54,4,14-Oct-23,14:05:43,21-Oct-23,23:10:21,Proddatur,Anniversary
901,C043,27,4,22-Aug-23,07:55:38,27-Aug-23,01:32:30,Deoghar,Raksha Bandhan
904,C013,2,4,12-Feb-23,22:05:48,17-Feb-23,01:05:37,Mira-Bhayandar,Valentine's Day
910,C066,55,4,26-Aug-23,02:03:23,04-Sep-23,17:03:10,Kamarhati,Raksha Bandhan
911,C071,22,4,23-Jan-23,05:18:52,28-Jan-23,01:35:19,Nangloi Jat,All Occasions
912,C062,9,4,29-Aug-23,03:09:59,06-Sep-23,11:36:14,Ghaziabad,Raksha Bandhan
914,C048,33,4,09-Feb-23,14:52:18,14-Feb-23,09:47:20,Sambhal,Valentine's Day
921,C078,23,4,18-Sep-23,13:52:40,23-Sep-23,07:22:26,Ghaziabad,Anniversary
923,C034,7,4,27-Feb-23,14:37:32,28-Feb-23,22:01:37,Ahmedabad,Holi
926,C049,40,4,28-Mar-23,23:01:58,31-Mar-23,23:51:25,Kulti,Anniversary
927,C100,43,4,03-Nov-23,06:38:15,11-Nov-23,05:00:17,Gopalpur,Diwali
936,C045,43,4,02-Nov-23,21:26:31,08-Nov-23,10:03:32,Bardhaman,Diwali
939,C084,9,4,20-Aug-23,20:55:05,21-Aug-23,04:36:14,Bhilai,Raksha Bandhan
940,C082,57,4,11-Jan-23,23:38:25,12-Jan-23,04:04:53,Orai,Birthday
941,C058,18,4,19-May-23,09:16:07,22-May-23,10:28:01,Bidar,Birthday
943,C026,22,4,19-Feb-23,14:27:09,22-Feb-23,19:05:59,Narasaraopet,All Occasions
944,C024,67,4,17-Nov-23,20:34:33,21-Nov-23,16:40:40,Amravati,Anniversary
946,C050,17,4,02-Dec-23,11:07:29,09-Dec-23,17:43:17,Ratlam,Anniversary
949,C020,6,4,27-Feb-23,20:55:01,06-Mar-23,09:35:17,Begusarai,Holi
952,C027,49,4,12-Feb-23,02:48:07,22-Feb-23,09:19:09,Bidar,Valentine's Day
955,C015,24,4,03-Jun-23,00:30:48,07-Jun-23,09:07:26,Singrauli,Birthday
964,C098,32,4,19-Oct-23,06:39:41,23-Oct-23,22:22:39,Jammu,Birthday
967,C041,68,4,12-Feb-23,00:21:23,20-Feb-23,18:29:48,Siliguri,Valentine's Day
969,C004,42,4,30-Aug-23,22:56:34,03-Sep-23,03:22:59,Khammam,All Occasions
970,C020,54,4,13-Apr-23,03:26:33,21-Apr-23,21:37:17,Siliguri,Anniversary
974,C014,17,4,04-Nov-23,19:16:59,07-Nov-23,16:11:27,Pallavaram,Anniversary
978,C019,29,4,28-Feb-23,08:59:15,09-Mar-23,06:31:07,Barasat,Holi
979,C030,9,4,28-Aug-23,18:43:04,31-Aug-23,20:12:58,Adoni,Raksha Bandhan
982,C019,47,4,28-Feb-23,18:56:23,04-Mar-23,03:11:23,Srinagar,Holi
985,C070,31,4,05-Oct-23,11:27:20,13-Oct-23,16:53:35,Ludhiana,All Occasions
1000,C012,27,4,25-Aug-23,01:22:43,31-Aug-23,06:57:59,Tadepalligudem,Raksha Bandhan
